use ffs;insert into user(uid,role,username,password,name,image,tel,address,info,del) values(2,1,'test2','test','林纨达','Test.png','18962752083','北京市海淀区翻斗大街翻斗花园1号楼0101室','测试用数据',0);
insert into user(uid,role,username,password,name,image,tel,address,info,del) values(3,1,'test3','test','武洁星','Test.png','13924759933','北京市海淀区翻斗大街翻斗花园1号楼0202室','测试用数据',0);
insert into user(uid,role,username,password,name,image,tel,address,info,del) values(4,1,'test4','test','孟茂东','Test.png','18871196020','北京市海淀区翻斗大街翻斗花园1号楼0303室','测试用数据',0);
insert into user(uid,role,username,password,name,image,tel,address,info,del) values(5,1,'test5','test','董山绍','Test.png','15037445578','北京市海淀区翻斗大街翻斗花园1号楼0404室','测试用数据',0);
insert into user(uid,role,username,password,name,image,tel,address,info,del) values(6,1,'test6','test','程栋发','Test.png','18033952598','北京市海淀区翻斗大街翻斗花园1号楼0505室','测试用数据',0);
insert into user(uid,role,username,password,name,image,tel,address,info,del) values(7,1,'test7','test','林江飞','Test.png','13294063467','北京市海淀区翻斗大街翻斗花园1号楼0606室','测试用数据',0);
insert into user(uid,role,username,password,name,image,tel,address,info,del) values(8,1,'test8','test','崔翰涛','Test.png','18684544481','北京市海淀区翻斗大街翻斗花园1号楼0707室','测试用数据',0);
insert into user(uid,role,username,password,name,image,tel,address,info,del) values(9,1,'test9','test','潘香义','Test.png','15095692122','北京市海淀区翻斗大街翻斗花园1号楼0801室','测试用数据',0);
insert into user(uid,role,username,password,name,image,tel,address,info,del) values(10,1,'test10','test','郭友伟','Test.png','14763085283','北京市海淀区翻斗大街翻斗花园1号楼0902室','测试用数据',0);
insert into user(uid,role,username,password,name,image,tel,address,info,del) values(11,1,'test11','test','林亚义','Test.png','18032416318','北京市海淀区翻斗大街翻斗花园1号楼1003室','测试用数据',0);
insert into user(uid,role,username,password,name,image,tel,address,info,del) values(12,1,'test12','test','刘贤生','Test.png','18695604040','北京市海淀区翻斗大街翻斗花园1号楼1104室','测试用数据',0);
insert into user(uid,role,username,password,name,image,tel,address,info,del) values(13,1,'test13','test','姚林豪','Test.png','13917040748','北京市海淀区翻斗大街翻斗花园1号楼1205室','测试用数据',0);
insert into user(uid,role,username,password,name,image,tel,address,info,del) values(14,1,'test14','test','雷晨民','Test.png','14778063559','北京市海淀区翻斗大街翻斗花园1号楼1306室','测试用数据',0);
insert into user(uid,role,username,password,name,image,tel,address,info,del) values(15,1,'test15','test','严风厚','Test.png','14755461598','北京市海淀区翻斗大街翻斗花园1号楼1407室','测试用数据',0);
insert into user(uid,role,username,password,name,image,tel,address,info,del) values(16,1,'test16','test','邹春博','Test.png','13274902846','北京市海淀区翻斗大街翻斗花园1号楼1501室','测试用数据',0);
insert into user(uid,role,username,password,name,image,tel,address,info,del) values(17,1,'test17','test','姜龙辉','Test.png','13097443753','北京市海淀区翻斗大街翻斗花园1号楼1602室','测试用数据',0);
insert into user(uid,role,username,password,name,image,tel,address,info,del) values(18,1,'test18','test','陆以生','Test.png','18868710810','北京市海淀区翻斗大街翻斗花园1号楼1703室','测试用数据',0);
insert into user(uid,role,username,password,name,image,tel,address,info,del) values(19,1,'test19','test','汤毓进','Test.png','14744119539','北京市海淀区翻斗大街翻斗花园1号楼1804室','测试用数据',0);
insert into user(uid,role,username,password,name,image,tel,address,info,del) values(20,1,'test20','test','林福松','Test.png','14753856758','北京市海淀区翻斗大街翻斗花园1号楼1905室','测试用数据',0);
insert into user(uid,role,username,password,name,image,tel,address,info,del) values(21,1,'test21','test','梁宁江','Test.png','13026240772','北京市海淀区翻斗大街翻斗花园1号楼2006室','测试用数据',0);
insert into user(uid,role,username,password,name,image,tel,address,info,del) values(22,1,'test22','test','严仁会','Test.png','18051588523','北京市海淀区翻斗大街翻斗花园1号楼2107室','测试用数据',0);
insert into user(uid,role,username,password,name,image,tel,address,info,del) values(23,1,'test23','test','邹琪宁','Test.png','15086264315','北京市海淀区翻斗大街翻斗花园1号楼2201室','测试用数据',0);
insert into user(uid,role,username,password,name,image,tel,address,info,del) values(24,1,'test24','test','吕玲达','Test.png','13325304837','北京市海淀区翻斗大街翻斗花园1号楼2302室','测试用数据',0);
insert into user(uid,role,username,password,name,image,tel,address,info,del) values(25,1,'test25','test','廖浩和','Test.png','15389949137','北京市海淀区翻斗大街翻斗花园1号楼2403室','测试用数据',0);
insert into user(uid,role,username,password,name,image,tel,address,info,del) values(26,1,'test26','test','冯良子','Test.png','18823962743','北京市海淀区翻斗大街翻斗花园1号楼2504室','测试用数据',0);
insert into user(uid,role,username,password,name,image,tel,address,info,del) values(27,1,'test27','test','姜烟民','Test.png','18993011568','北京市海淀区翻斗大街翻斗花园1号楼2605室','测试用数据',0);
insert into user(uid,role,username,password,name,image,tel,address,info,del) values(28,1,'test28','test','顾萱中','Test.png','13915217438','北京市海淀区翻斗大街翻斗花园1号楼2706室','测试用数据',0);
insert into user(uid,role,username,password,name,image,tel,address,info,del) values(29,1,'test29','test','万瑾义','Test.png','13373602579','北京市海淀区翻斗大街翻斗花园1号楼2807室','测试用数据',0);
insert into user(uid,role,username,password,name,image,tel,address,info,del) values(30,1,'test30','test','孔山仁','Test.png','18031135115','北京市海淀区翻斗大街翻斗花园1号楼2901室','测试用数据',0);
insert into user(uid,role,username,password,name,image,tel,address,info,del) values(31,1,'test31','test','马志世','Test.png','18096091931','北京市海淀区翻斗大街翻斗花园1号楼3002室','测试用数据',0);
insert into user(uid,role,username,password,name,image,tel,address,info,del) values(32,1,'test32','test','孙茂元','Test.png','15363958430','北京市海淀区翻斗大街翻斗花园1号楼3103室','测试用数据',0);
insert into user(uid,role,username,password,name,image,tel,address,info,del) values(33,1,'test33','test','陈筠康','Test.png','18670465886','北京市海淀区翻斗大街翻斗花园1号楼0104室','测试用数据',0);
insert into user(uid,role,username,password,name,image,tel,address,info,del) values(34,1,'test34','test','苏婵和','Test.png','18091397880','北京市海淀区翻斗大街翻斗花园1号楼0205室','测试用数据',0);
insert into user(uid,role,username,password,name,image,tel,address,info,del) values(35,1,'test35','test','薛士成','Test.png','18938008686','北京市海淀区翻斗大街翻斗花园1号楼0306室','测试用数据',0);
insert into user(uid,role,username,password,name,image,tel,address,info,del) values(36,1,'test36','test','崔发会','Test.png','13063792511','北京市海淀区翻斗大街翻斗花园1号楼0407室','测试用数据',0);
insert into user(uid,role,username,password,name,image,tel,address,info,del) values(37,1,'test37','test','董信山','Test.png','18016355170','北京市海淀区翻斗大街翻斗花园1号楼0501室','测试用数据',0);
insert into user(uid,role,username,password,name,image,tel,address,info,del) values(38,1,'test38','test','姚泰伟','Test.png','13050864774','北京市海淀区翻斗大街翻斗花园1号楼0602室','测试用数据',0);
insert into user(uid,role,username,password,name,image,tel,address,info,del) values(39,1,'test39','test','陈力先','Test.png','13041135530','北京市海淀区翻斗大街翻斗花园1号楼0703室','测试用数据',0);
insert into user(uid,role,username,password,name,image,tel,address,info,del) values(40,1,'test40','test','姜俊乐','Test.png','15339483596','北京市海淀区翻斗大街翻斗花园1号楼0804室','测试用数据',0);
insert into user(uid,role,username,password,name,image,tel,address,info,del) values(41,1,'test41','test','蔡萱承','Test.png','18894068787','北京市海淀区翻斗大街翻斗花园1号楼0905室','测试用数据',0);
insert into user(uid,role,username,password,name,image,tel,address,info,del) values(42,1,'test42','test','张飞振','Test.png','13253491893','北京市海淀区翻斗大街翻斗花园1号楼1006室','测试用数据',0);
insert into user(uid,role,username,password,name,image,tel,address,info,del) values(43,1,'test43','test','郝瑾俊','Test.png','18834732388','北京市海淀区翻斗大街翻斗花园1号楼1107室','测试用数据',0);
insert into user(uid,role,username,password,name,image,tel,address,info,del) values(44,1,'test44','test','徐文厚','Test.png','14757307108','北京市海淀区翻斗大街翻斗花园1号楼1201室','测试用数据',0);
insert into user(uid,role,username,password,name,image,tel,address,info,del) values(45,1,'test45','test','秦震义','Test.png','18810432149','北京市海淀区翻斗大街翻斗花园1号楼1302室','测试用数据',0);
insert into user(uid,role,username,password,name,image,tel,address,info,del) values(46,1,'test46','test','龚强磊','Test.png','13278095033','北京市海淀区翻斗大街翻斗花园1号楼1403室','测试用数据',0);
insert into user(uid,role,username,password,name,image,tel,address,info,del) values(47,1,'test47','test','卢庆信','Test.png','14569948741','北京市海淀区翻斗大街翻斗花园1号楼1504室','测试用数据',0);
insert into user(uid,role,username,password,name,image,tel,address,info,del) values(48,1,'test48','test','韩朗义','Test.png','14787376658','北京市海淀区翻斗大街翻斗花园1号楼1605室','测试用数据',0);
insert into user(uid,role,username,password,name,image,tel,address,info,del) values(49,1,'test49','test','秦泰保','Test.png','15071406176','北京市海淀区翻斗大街翻斗花园1号楼1706室','测试用数据',0);
insert into user(uid,role,username,password,name,image,tel,address,info,del) values(50,1,'test50','test','陶博星','Test.png','14788435288','北京市海淀区翻斗大街翻斗花园1号楼1807室','测试用数据',0);
insert into user(uid,role,username,password,name,image,tel,address,info,del) values(51,2,'test51','test','付光乐','Test.png','13026875746','北京市海淀区翻斗大街翻斗花园1号楼1901室','测试用数据',0);
insert into user(uid,role,username,password,name,image,tel,address,info,del) values(52,2,'test52','test','胡枝群','Test.png','18016327520','北京市海淀区翻斗大街翻斗花园1号楼2002室','测试用数据',0);
insert into user(uid,role,username,password,name,image,tel,address,info,del) values(53,2,'test53','test','卢蓓星','Test.png','18857170645','北京市海淀区翻斗大街翻斗花园1号楼2103室','测试用数据',0);
insert into user(uid,role,username,password,name,image,tel,address,info,del) values(54,2,'test54','test','孙胜峰','Test.png','18665865427','北京市海淀区翻斗大街翻斗花园1号楼2204室','测试用数据',0);
insert into user(uid,role,username,password,name,image,tel,address,info,del) values(55,2,'test55','test','张亚志','Test.png','18624256838','北京市海淀区翻斗大街翻斗花园1号楼2305室','测试用数据',0);
insert into user(uid,role,username,password,name,image,tel,address,info,del) values(56,2,'test56','test','邵彬祥','Test.png','15022813698','北京市海淀区翻斗大街翻斗花园1号楼2406室','测试用数据',0);
insert into user(uid,role,username,password,name,image,tel,address,info,del) values(57,2,'test57','test','邱宜广','Test.png','18984445452','北京市海淀区翻斗大街翻斗花园1号楼2507室','测试用数据',0);
insert into user(uid,role,username,password,name,image,tel,address,info,del) values(58,2,'test58','test','薛壮兴','Test.png','13285925857','北京市海淀区翻斗大街翻斗花园1号楼2601室','测试用数据',0);
insert into user(uid,role,username,password,name,image,tel,address,info,del) values(59,2,'test59','test','沈成承','Test.png','18653366354','北京市海淀区翻斗大街翻斗花园1号楼2702室','测试用数据',0);
insert into user(uid,role,username,password,name,image,tel,address,info,del) values(60,2,'test60','test','胡蓝岩','Test.png','13040448960','北京市海淀区翻斗大街翻斗花园1号楼2803室','测试用数据',0);
insert into user(uid,role,username,password,name,image,tel,address,info,del) values(61,2,'test61','test','戴凤福','Test.png','13311905315','北京市海淀区翻斗大街翻斗花园1号楼2904室','测试用数据',0);
insert into user(uid,role,username,password,name,image,tel,address,info,del) values(62,2,'test62','test','曹聪明','Test.png','13921935625','北京市海淀区翻斗大街翻斗花园1号楼3005室','测试用数据',0);
insert into user(uid,role,username,password,name,image,tel,address,info,del) values(63,2,'test63','test','何眉心','Test.png','13374166721','北京市海淀区翻斗大街翻斗花园1号楼3106室','测试用数据',0);
insert into user(uid,role,username,password,name,image,tel,address,info,del) values(64,2,'test64','test','魏纯中','Test.png','18076090741','北京市海淀区翻斗大街翻斗花园1号楼0107室','测试用数据',0);
insert into user(uid,role,username,password,name,image,tel,address,info,del) values(65,2,'test65','test','黄绿林','Test.png','14744358450','北京市海淀区翻斗大街翻斗花园1号楼0201室','测试用数据',0);
insert into user(uid,role,username,password,name,image,tel,address,info,del) values(66,2,'test66','test','刘骅和','Test.png','13924332429','北京市海淀区翻斗大街翻斗花园1号楼0302室','测试用数据',0);
insert into user(uid,role,username,password,name,image,tel,address,info,del) values(67,2,'test67','test','邵河峰','Test.png','14741228905','北京市海淀区翻斗大街翻斗花园1号楼0403室','测试用数据',0);
insert into user(uid,role,username,password,name,image,tel,address,info,del) values(68,2,'test68','test','石峰明','Test.png','18059274032','北京市海淀区翻斗大街翻斗花园1号楼0504室','测试用数据',0);
insert into user(uid,role,username,password,name,image,tel,address,info,del) values(69,2,'test69','test','叶中心','Test.png','13023924073','北京市海淀区翻斗大街翻斗花园1号楼0605室','测试用数据',0);
insert into user(uid,role,username,password,name,image,tel,address,info,del) values(70,2,'test70','test','余巧庆','Test.png','18693298930','北京市海淀区翻斗大街翻斗花园1号楼0706室','测试用数据',0);
insert into user(uid,role,username,password,name,image,tel,address,info,del) values(71,2,'test71','test','许玉文','Test.png','18956070964','北京市海淀区翻斗大街翻斗花园1号楼0807室','测试用数据',0);
insert into user(uid,role,username,password,name,image,tel,address,info,del) values(72,2,'test72','test','段彦豪','Test.png','18935764814','北京市海淀区翻斗大街翻斗花园1号楼0901室','测试用数据',0);
insert into user(uid,role,username,password,name,image,tel,address,info,del) values(73,2,'test73','test','严秋东','Test.png','15352291493','北京市海淀区翻斗大街翻斗花园1号楼1002室','测试用数据',0);
insert into user(uid,role,username,password,name,image,tel,address,info,del) values(74,2,'test74','test','雷固武','Test.png','13030464211','北京市海淀区翻斗大街翻斗花园1号楼1103室','测试用数据',0);
insert into user(uid,role,username,password,name,image,tel,address,info,del) values(75,2,'test75','test','毛光光','Test.png','13337458490','北京市海淀区翻斗大街翻斗花园1号楼1204室','测试用数据',0);
insert into user(uid,role,username,password,name,image,tel,address,info,del) values(76,3,'test76','test','白乐岩','Test.png','18890474671','北京市海淀区翻斗大街翻斗花园1号楼1305室','测试用数据',0);
insert into user(uid,role,username,password,name,image,tel,address,info,del) values(77,3,'test77','test','顾兴博','Test.png','18657040631','北京市海淀区翻斗大街翻斗花园1号楼1406室','测试用数据',0);
insert into user(uid,role,username,password,name,image,tel,address,info,del) values(78,3,'test78','test','王利进','Test.png','13367081673','北京市海淀区翻斗大街翻斗花园1号楼1507室','测试用数据',0);
insert into user(uid,role,username,password,name,image,tel,address,info,del) values(79,3,'test79','test','沈豪山','Test.png','14534209354','北京市海淀区翻斗大街翻斗花园1号楼1601室','测试用数据',0);
insert into user(uid,role,username,password,name,image,tel,address,info,del) values(80,3,'test80','test','冯行元','Test.png','18049450012','北京市海淀区翻斗大街翻斗花园1号楼1702室','测试用数据',0);
insert into user(uid,role,username,password,name,image,tel,address,info,del) values(81,3,'test81','test','姜嘉全','Test.png','13213694135','北京市海淀区翻斗大街翻斗花园1号楼1803室','测试用数据',0);
insert into user(uid,role,username,password,name,image,tel,address,info,del) values(82,3,'test82','test','武行生','Test.png','13933627446','北京市海淀区翻斗大街翻斗花园1号楼1904室','测试用数据',0);
insert into user(uid,role,username,password,name,image,tel,address,info,del) values(83,3,'test83','test','黄紫成','Test.png','15357300270','北京市海淀区翻斗大街翻斗花园1号楼2005室','测试用数据',0);
insert into user(uid,role,username,password,name,image,tel,address,info,del) values(84,3,'test84','test','郭松群','Test.png','18659695294','北京市海淀区翻斗大街翻斗花园1号楼2106室','测试用数据',0);
insert into user(uid,role,username,password,name,image,tel,address,info,del) values(85,3,'test85','test','邓紫坚','Test.png','18064192952','北京市海淀区翻斗大街翻斗花园1号楼2207室','测试用数据',0);
insert into user(uid,role,username,password,name,image,tel,address,info,del) values(86,3,'test86','test','张丹清','Test.png','13345534478','北京市海淀区翻斗大街翻斗花园1号楼2301室','测试用数据',0);
insert into user(uid,role,username,password,name,image,tel,address,info,del) values(87,3,'test87','test','韦罡强','Test.png','15357717668','北京市海淀区翻斗大街翻斗花园1号楼2402室','测试用数据',0);
insert into user(uid,role,username,password,name,image,tel,address,info,del) values(88,3,'test88','test','杨忠全','Test.png','14771449696','北京市海淀区翻斗大街翻斗花园1号楼2503室','测试用数据',0);
insert into user(uid,role,username,password,name,image,tel,address,info,del) values(89,3,'test89','test','尹玛友','Test.png','13081647095','北京市海淀区翻斗大街翻斗花园1号楼2604室','测试用数据',0);
insert into user(uid,role,username,password,name,image,tel,address,info,del) values(90,3,'test90','test','卢环新','Test.png','18926931203','北京市海淀区翻斗大街翻斗花园1号楼2705室','测试用数据',0);
insert into user(uid,role,username,password,name,image,tel,address,info,del) values(91,3,'test91','test','戴河清','Test.png','18663649468','北京市海淀区翻斗大街翻斗花园1号楼2806室','测试用数据',0);
insert into user(uid,role,username,password,name,image,tel,address,info,del) values(92,3,'test92','test','龙璧龙','Test.png','18623101625','北京市海淀区翻斗大街翻斗花园1号楼2907室','测试用数据',0);
insert into user(uid,role,username,password,name,image,tel,address,info,del) values(93,3,'test93','test','邹朗良','Test.png','15342970834','北京市海淀区翻斗大街翻斗花园1号楼3001室','测试用数据',0);
insert into user(uid,role,username,password,name,image,tel,address,info,del) values(94,3,'test94','test','徐保群','Test.png','13074763484','北京市海淀区翻斗大街翻斗花园1号楼3102室','测试用数据',0);
insert into user(uid,role,username,password,name,image,tel,address,info,del) values(95,3,'test95','test','曹芬昌','Test.png','18816099074','北京市海淀区翻斗大街翻斗花园1号楼0103室','测试用数据',0);
insert into user(uid,role,username,password,name,image,tel,address,info,del) values(96,3,'test96','test','段盛岩','Test.png','13256041982','北京市海淀区翻斗大街翻斗花园1号楼0204室','测试用数据',0);
insert into user(uid,role,username,password,name,image,tel,address,info,del) values(97,3,'test97','test','严祥有','Test.png','13092100361','北京市海淀区翻斗大街翻斗花园1号楼0305室','测试用数据',0);
insert into user(uid,role,username,password,name,image,tel,address,info,del) values(98,3,'test98','test','莫邦顺','Test.png','13041329209','北京市海淀区翻斗大街翻斗花园1号楼0406室','测试用数据',0);
insert into user(uid,role,username,password,name,image,tel,address,info,del) values(99,3,'test99','test','姜倩峰','Test.png','13346162902','北京市海淀区翻斗大街翻斗花园1号楼0507室','测试用数据',0);
insert into user(uid,role,username,password,name,image,tel,address,info,del) values(100,3,'test100','test','徐滢友','Test.png','18823238582','北京市海淀区翻斗大街翻斗花园1号楼0601室','测试用数据',0);
insert into product(pid,uid,name,image,price,score,info,del) values(1,66,'Test','Test.png',18,4,'测试用数据',0);
insert into product(pid,uid,name,image,price,score,info,del) values(2,74,'Test','Test.png',35,3,'测试用数据',0);
insert into product(pid,uid,name,image,price,score,info,del) values(3,72,'Test','Test.png',50,5,'测试用数据',0);
insert into product(pid,uid,name,image,price,score,info,del) values(4,72,'Test','Test.png',3,4,'测试用数据',0);
insert into product(pid,uid,name,image,price,score,info,del) values(5,56,'Test','Test.png',41,3,'测试用数据',0);
insert into product(pid,uid,name,image,price,score,info,del) values(6,75,'Test','Test.png',6,1,'测试用数据',0);
insert into product(pid,uid,name,image,price,score,info,del) values(7,71,'Test','Test.png',32,5,'测试用数据',0);
insert into product(pid,uid,name,image,price,score,info,del) values(8,67,'Test','Test.png',41,2,'测试用数据',0);
insert into product(pid,uid,name,image,price,score,info,del) values(9,70,'Test','Test.png',6,3,'测试用数据',0);
insert into product(pid,uid,name,image,price,score,info,del) values(10,63,'Test','Test.png',46,2,'测试用数据',0);
insert into product(pid,uid,name,image,price,score,info,del) values(11,63,'Test','Test.png',33,1,'测试用数据',0);
insert into product(pid,uid,name,image,price,score,info,del) values(12,56,'Test','Test.png',22,4,'测试用数据',0);
insert into product(pid,uid,name,image,price,score,info,del) values(13,58,'Test','Test.png',37,4,'测试用数据',0);
insert into product(pid,uid,name,image,price,score,info,del) values(14,72,'Test','Test.png',44,5,'测试用数据',0);
insert into product(pid,uid,name,image,price,score,info,del) values(15,62,'Test','Test.png',6,4,'测试用数据',0);
insert into product(pid,uid,name,image,price,score,info,del) values(16,64,'Test','Test.png',1,3,'测试用数据',0);
insert into product(pid,uid,name,image,price,score,info,del) values(17,73,'Test','Test.png',1,4,'测试用数据',0);
insert into product(pid,uid,name,image,price,score,info,del) values(18,57,'Test','Test.png',39,3,'测试用数据',0);
insert into product(pid,uid,name,image,price,score,info,del) values(19,71,'Test','Test.png',29,4,'测试用数据',0);
insert into product(pid,uid,name,image,price,score,info,del) values(20,55,'Test','Test.png',46,5,'测试用数据',0);
insert into product(pid,uid,name,image,price,score,info,del) values(21,57,'Test','Test.png',31,2,'测试用数据',0);
insert into product(pid,uid,name,image,price,score,info,del) values(22,63,'Test','Test.png',42,3,'测试用数据',0);
insert into product(pid,uid,name,image,price,score,info,del) values(23,63,'Test','Test.png',1,1,'测试用数据',0);
insert into product(pid,uid,name,image,price,score,info,del) values(24,58,'Test','Test.png',8,5,'测试用数据',0);
insert into product(pid,uid,name,image,price,score,info,del) values(25,66,'Test','Test.png',10,2,'测试用数据',0);
insert into product(pid,uid,name,image,price,score,info,del) values(26,60,'Test','Test.png',12,4,'测试用数据',0);
insert into product(pid,uid,name,image,price,score,info,del) values(27,63,'Test','Test.png',19,5,'测试用数据',0);
insert into product(pid,uid,name,image,price,score,info,del) values(28,69,'Test','Test.png',25,4,'测试用数据',0);
insert into product(pid,uid,name,image,price,score,info,del) values(29,54,'Test','Test.png',46,4,'测试用数据',0);
insert into product(pid,uid,name,image,price,score,info,del) values(30,75,'Test','Test.png',36,5,'测试用数据',0);
insert into product(pid,uid,name,image,price,score,info,del) values(31,67,'Test','Test.png',9,1,'测试用数据',0);
insert into product(pid,uid,name,image,price,score,info,del) values(32,51,'Test','Test.png',48,1,'测试用数据',0);
insert into product(pid,uid,name,image,price,score,info,del) values(33,63,'Test','Test.png',33,4,'测试用数据',0);
insert into product(pid,uid,name,image,price,score,info,del) values(34,51,'Test','Test.png',25,2,'测试用数据',0);
insert into product(pid,uid,name,image,price,score,info,del) values(35,58,'Test','Test.png',8,1,'测试用数据',0);
insert into product(pid,uid,name,image,price,score,info,del) values(36,59,'Test','Test.png',43,4,'测试用数据',0);
insert into product(pid,uid,name,image,price,score,info,del) values(37,74,'Test','Test.png',20,5,'测试用数据',0);
insert into product(pid,uid,name,image,price,score,info,del) values(38,66,'Test','Test.png',11,5,'测试用数据',0);
insert into product(pid,uid,name,image,price,score,info,del) values(39,62,'Test','Test.png',40,5,'测试用数据',0);
insert into product(pid,uid,name,image,price,score,info,del) values(40,62,'Test','Test.png',43,3,'测试用数据',0);
insert into product(pid,uid,name,image,price,score,info,del) values(41,53,'Test','Test.png',27,3,'测试用数据',0);
insert into product(pid,uid,name,image,price,score,info,del) values(42,63,'Test','Test.png',28,2,'测试用数据',0);
insert into product(pid,uid,name,image,price,score,info,del) values(43,68,'Test','Test.png',1,3,'测试用数据',0);
insert into product(pid,uid,name,image,price,score,info,del) values(44,75,'Test','Test.png',3,3,'测试用数据',0);
insert into product(pid,uid,name,image,price,score,info,del) values(45,64,'Test','Test.png',46,4,'测试用数据',0);
insert into product(pid,uid,name,image,price,score,info,del) values(46,55,'Test','Test.png',17,4,'测试用数据',0);
insert into product(pid,uid,name,image,price,score,info,del) values(47,70,'Test','Test.png',45,4,'测试用数据',0);
insert into product(pid,uid,name,image,price,score,info,del) values(48,62,'Test','Test.png',49,5,'测试用数据',0);
insert into product(pid,uid,name,image,price,score,info,del) values(49,53,'Test','Test.png',19,1,'测试用数据',0);
insert into product(pid,uid,name,image,price,score,info,del) values(50,67,'Test','Test.png',26,1,'测试用数据',0);
insert into product(pid,uid,name,image,price,score,info,del) values(51,72,'Test','Test.png',26,2,'测试用数据',0);
insert into product(pid,uid,name,image,price,score,info,del) values(52,52,'Test','Test.png',11,3,'测试用数据',0);
insert into product(pid,uid,name,image,price,score,info,del) values(53,67,'Test','Test.png',3,1,'测试用数据',0);
insert into product(pid,uid,name,image,price,score,info,del) values(54,62,'Test','Test.png',45,4,'测试用数据',0);
insert into product(pid,uid,name,image,price,score,info,del) values(55,69,'Test','Test.png',2,3,'测试用数据',0);
insert into product(pid,uid,name,image,price,score,info,del) values(56,71,'Test','Test.png',44,2,'测试用数据',0);
insert into product(pid,uid,name,image,price,score,info,del) values(57,69,'Test','Test.png',22,2,'测试用数据',0);
insert into product(pid,uid,name,image,price,score,info,del) values(58,70,'Test','Test.png',19,5,'测试用数据',0);
insert into product(pid,uid,name,image,price,score,info,del) values(59,71,'Test','Test.png',19,3,'测试用数据',0);
insert into product(pid,uid,name,image,price,score,info,del) values(60,59,'Test','Test.png',21,3,'测试用数据',0);
insert into product(pid,uid,name,image,price,score,info,del) values(61,72,'Test','Test.png',7,2,'测试用数据',0);
insert into product(pid,uid,name,image,price,score,info,del) values(62,67,'Test','Test.png',20,4,'测试用数据',0);
insert into product(pid,uid,name,image,price,score,info,del) values(63,58,'Test','Test.png',41,2,'测试用数据',0);
insert into product(pid,uid,name,image,price,score,info,del) values(64,55,'Test','Test.png',16,3,'测试用数据',0);
insert into product(pid,uid,name,image,price,score,info,del) values(65,65,'Test','Test.png',26,4,'测试用数据',0);
insert into product(pid,uid,name,image,price,score,info,del) values(66,62,'Test','Test.png',10,4,'测试用数据',0);
insert into product(pid,uid,name,image,price,score,info,del) values(67,74,'Test','Test.png',43,2,'测试用数据',0);
insert into product(pid,uid,name,image,price,score,info,del) values(68,70,'Test','Test.png',41,2,'测试用数据',0);
insert into product(pid,uid,name,image,price,score,info,del) values(69,60,'Test','Test.png',15,3,'测试用数据',0);
insert into product(pid,uid,name,image,price,score,info,del) values(70,68,'Test','Test.png',32,3,'测试用数据',0);
insert into product(pid,uid,name,image,price,score,info,del) values(71,59,'Test','Test.png',41,5,'测试用数据',0);
insert into product(pid,uid,name,image,price,score,info,del) values(72,51,'Test','Test.png',38,3,'测试用数据',0);
insert into product(pid,uid,name,image,price,score,info,del) values(73,63,'Test','Test.png',25,5,'测试用数据',0);
insert into product(pid,uid,name,image,price,score,info,del) values(74,66,'Test','Test.png',36,4,'测试用数据',0);
insert into product(pid,uid,name,image,price,score,info,del) values(75,64,'Test','Test.png',19,5,'测试用数据',0);
insert into product(pid,uid,name,image,price,score,info,del) values(76,73,'Test','Test.png',47,1,'测试用数据',0);
insert into product(pid,uid,name,image,price,score,info,del) values(77,74,'Test','Test.png',34,4,'测试用数据',0);
insert into product(pid,uid,name,image,price,score,info,del) values(78,70,'Test','Test.png',10,3,'测试用数据',0);
insert into product(pid,uid,name,image,price,score,info,del) values(79,62,'Test','Test.png',18,3,'测试用数据',0);
insert into product(pid,uid,name,image,price,score,info,del) values(80,69,'Test','Test.png',28,1,'测试用数据',0);
insert into product(pid,uid,name,image,price,score,info,del) values(81,73,'Test','Test.png',12,2,'测试用数据',0);
insert into product(pid,uid,name,image,price,score,info,del) values(82,65,'Test','Test.png',8,1,'测试用数据',0);
insert into product(pid,uid,name,image,price,score,info,del) values(83,56,'Test','Test.png',10,2,'测试用数据',0);
insert into product(pid,uid,name,image,price,score,info,del) values(84,73,'Test','Test.png',4,5,'测试用数据',0);
insert into product(pid,uid,name,image,price,score,info,del) values(85,66,'Test','Test.png',49,5,'测试用数据',0);
insert into product(pid,uid,name,image,price,score,info,del) values(86,60,'Test','Test.png',30,5,'测试用数据',0);
insert into product(pid,uid,name,image,price,score,info,del) values(87,54,'Test','Test.png',5,4,'测试用数据',0);
insert into product(pid,uid,name,image,price,score,info,del) values(88,71,'Test','Test.png',22,4,'测试用数据',0);
insert into product(pid,uid,name,image,price,score,info,del) values(89,75,'Test','Test.png',29,4,'测试用数据',0);
insert into product(pid,uid,name,image,price,score,info,del) values(90,68,'Test','Test.png',38,3,'测试用数据',0);
insert into product(pid,uid,name,image,price,score,info,del) values(91,52,'Test','Test.png',47,5,'测试用数据',0);
insert into product(pid,uid,name,image,price,score,info,del) values(92,53,'Test','Test.png',37,2,'测试用数据',0);
insert into product(pid,uid,name,image,price,score,info,del) values(93,69,'Test','Test.png',2,4,'测试用数据',0);
insert into product(pid,uid,name,image,price,score,info,del) values(94,51,'Test','Test.png',6,3,'测试用数据',0);
insert into product(pid,uid,name,image,price,score,info,del) values(95,72,'Test','Test.png',37,1,'测试用数据',0);
insert into product(pid,uid,name,image,price,score,info,del) values(96,74,'Test','Test.png',35,5,'测试用数据',0);
insert into product(pid,uid,name,image,price,score,info,del) values(97,75,'Test','Test.png',7,5,'测试用数据',0);
insert into product(pid,uid,name,image,price,score,info,del) values(98,62,'Test','Test.png',7,1,'测试用数据',0);
insert into product(pid,uid,name,image,price,score,info,del) values(99,54,'Test','Test.png',28,5,'测试用数据',0);
insert into product(pid,uid,name,image,price,score,info,del) values(100,70,'Test','Test.png',19,1,'测试用数据',0);
insert into product(pid,uid,name,image,price,score,info,del) values(101,65,'Test','Test.png',22,1,'测试用数据',0);
insert into product(pid,uid,name,image,price,score,info,del) values(102,74,'Test','Test.png',49,2,'测试用数据',0);
insert into product(pid,uid,name,image,price,score,info,del) values(103,52,'Test','Test.png',4,4,'测试用数据',0);
insert into product(pid,uid,name,image,price,score,info,del) values(104,71,'Test','Test.png',48,5,'测试用数据',0);
insert into product(pid,uid,name,image,price,score,info,del) values(105,75,'Test','Test.png',36,3,'测试用数据',0);
insert into product(pid,uid,name,image,price,score,info,del) values(106,53,'Test','Test.png',17,4,'测试用数据',0);
insert into product(pid,uid,name,image,price,score,info,del) values(107,66,'Test','Test.png',4,4,'测试用数据',0);
insert into product(pid,uid,name,image,price,score,info,del) values(108,73,'Test','Test.png',40,3,'测试用数据',0);
insert into product(pid,uid,name,image,price,score,info,del) values(109,52,'Test','Test.png',15,4,'测试用数据',0);
insert into product(pid,uid,name,image,price,score,info,del) values(110,75,'Test','Test.png',36,4,'测试用数据',0);
insert into product(pid,uid,name,image,price,score,info,del) values(111,54,'Test','Test.png',37,1,'测试用数据',0);
insert into product(pid,uid,name,image,price,score,info,del) values(112,73,'Test','Test.png',18,2,'测试用数据',0);
insert into product(pid,uid,name,image,price,score,info,del) values(113,56,'Test','Test.png',25,1,'测试用数据',0);
insert into product(pid,uid,name,image,price,score,info,del) values(114,72,'Test','Test.png',27,2,'测试用数据',0);
insert into product(pid,uid,name,image,price,score,info,del) values(115,60,'Test','Test.png',37,2,'测试用数据',0);
insert into product(pid,uid,name,image,price,score,info,del) values(116,55,'Test','Test.png',15,1,'测试用数据',0);
insert into product(pid,uid,name,image,price,score,info,del) values(117,52,'Test','Test.png',41,5,'测试用数据',0);
insert into product(pid,uid,name,image,price,score,info,del) values(118,54,'Test','Test.png',36,3,'测试用数据',0);
insert into product(pid,uid,name,image,price,score,info,del) values(119,60,'Test','Test.png',38,5,'测试用数据',0);
insert into product(pid,uid,name,image,price,score,info,del) values(120,54,'Test','Test.png',40,2,'测试用数据',0);
insert into product(pid,uid,name,image,price,score,info,del) values(121,69,'Test','Test.png',45,4,'测试用数据',0);
insert into product(pid,uid,name,image,price,score,info,del) values(122,62,'Test','Test.png',22,1,'测试用数据',0);
insert into product(pid,uid,name,image,price,score,info,del) values(123,72,'Test','Test.png',26,1,'测试用数据',0);
insert into product(pid,uid,name,image,price,score,info,del) values(124,72,'Test','Test.png',33,5,'测试用数据',0);
insert into product(pid,uid,name,image,price,score,info,del) values(125,58,'Test','Test.png',47,3,'测试用数据',0);
insert into product(pid,uid,name,image,price,score,info,del) values(126,74,'Test','Test.png',48,3,'测试用数据',0);
insert into product(pid,uid,name,image,price,score,info,del) values(127,56,'Test','Test.png',20,5,'测试用数据',0);
insert into product(pid,uid,name,image,price,score,info,del) values(128,71,'Test','Test.png',5,5,'测试用数据',0);
insert into product(pid,uid,name,image,price,score,info,del) values(129,54,'Test','Test.png',30,4,'测试用数据',0);
insert into product(pid,uid,name,image,price,score,info,del) values(130,61,'Test','Test.png',1,1,'测试用数据',0);
insert into product(pid,uid,name,image,price,score,info,del) values(131,59,'Test','Test.png',43,5,'测试用数据',0);
insert into product(pid,uid,name,image,price,score,info,del) values(132,74,'Test','Test.png',36,5,'测试用数据',0);
insert into product(pid,uid,name,image,price,score,info,del) values(133,68,'Test','Test.png',42,5,'测试用数据',0);
insert into product(pid,uid,name,image,price,score,info,del) values(134,52,'Test','Test.png',11,4,'测试用数据',0);
insert into product(pid,uid,name,image,price,score,info,del) values(135,54,'Test','Test.png',44,2,'测试用数据',0);
insert into product(pid,uid,name,image,price,score,info,del) values(136,62,'Test','Test.png',37,1,'测试用数据',0);
insert into product(pid,uid,name,image,price,score,info,del) values(137,60,'Test','Test.png',36,1,'测试用数据',0);
insert into product(pid,uid,name,image,price,score,info,del) values(138,73,'Test','Test.png',34,4,'测试用数据',0);
insert into product(pid,uid,name,image,price,score,info,del) values(139,62,'Test','Test.png',13,1,'测试用数据',0);
insert into product(pid,uid,name,image,price,score,info,del) values(140,65,'Test','Test.png',15,2,'测试用数据',0);
insert into product(pid,uid,name,image,price,score,info,del) values(141,65,'Test','Test.png',7,1,'测试用数据',0);
insert into product(pid,uid,name,image,price,score,info,del) values(142,66,'Test','Test.png',41,1,'测试用数据',0);
insert into product(pid,uid,name,image,price,score,info,del) values(143,65,'Test','Test.png',11,4,'测试用数据',0);
insert into product(pid,uid,name,image,price,score,info,del) values(144,66,'Test','Test.png',29,4,'测试用数据',0);
insert into product(pid,uid,name,image,price,score,info,del) values(145,72,'Test','Test.png',38,3,'测试用数据',0);
insert into product(pid,uid,name,image,price,score,info,del) values(146,59,'Test','Test.png',32,1,'测试用数据',0);
insert into product(pid,uid,name,image,price,score,info,del) values(147,57,'Test','Test.png',24,4,'测试用数据',0);
insert into product(pid,uid,name,image,price,score,info,del) values(148,57,'Test','Test.png',7,5,'测试用数据',0);
insert into product(pid,uid,name,image,price,score,info,del) values(149,51,'Test','Test.png',5,5,'测试用数据',0);
insert into product(pid,uid,name,image,price,score,info,del) values(150,52,'Test','Test.png',22,2,'测试用数据',0);
insert into product(pid,uid,name,image,price,score,info,del) values(151,66,'Test','Test.png',39,4,'测试用数据',0);
insert into product(pid,uid,name,image,price,score,info,del) values(152,52,'Test','Test.png',41,5,'测试用数据',0);
insert into product(pid,uid,name,image,price,score,info,del) values(153,69,'Test','Test.png',17,3,'测试用数据',0);
insert into product(pid,uid,name,image,price,score,info,del) values(154,53,'Test','Test.png',24,1,'测试用数据',0);
insert into product(pid,uid,name,image,price,score,info,del) values(155,72,'Test','Test.png',3,3,'测试用数据',0);
insert into product(pid,uid,name,image,price,score,info,del) values(156,51,'Test','Test.png',12,4,'测试用数据',0);
insert into product(pid,uid,name,image,price,score,info,del) values(157,59,'Test','Test.png',37,4,'测试用数据',0);
insert into product(pid,uid,name,image,price,score,info,del) values(158,51,'Test','Test.png',7,4,'测试用数据',0);
insert into product(pid,uid,name,image,price,score,info,del) values(159,57,'Test','Test.png',41,4,'测试用数据',0);
insert into product(pid,uid,name,image,price,score,info,del) values(160,71,'Test','Test.png',35,1,'测试用数据',0);
insert into product(pid,uid,name,image,price,score,info,del) values(161,70,'Test','Test.png',19,2,'测试用数据',0);
insert into product(pid,uid,name,image,price,score,info,del) values(162,73,'Test','Test.png',7,5,'测试用数据',0);
insert into product(pid,uid,name,image,price,score,info,del) values(163,58,'Test','Test.png',29,5,'测试用数据',0);
insert into product(pid,uid,name,image,price,score,info,del) values(164,71,'Test','Test.png',1,5,'测试用数据',0);
insert into product(pid,uid,name,image,price,score,info,del) values(165,69,'Test','Test.png',45,1,'测试用数据',0);
insert into product(pid,uid,name,image,price,score,info,del) values(166,51,'Test','Test.png',21,5,'测试用数据',0);
insert into product(pid,uid,name,image,price,score,info,del) values(167,72,'Test','Test.png',28,2,'测试用数据',0);
insert into product(pid,uid,name,image,price,score,info,del) values(168,75,'Test','Test.png',44,3,'测试用数据',0);
insert into product(pid,uid,name,image,price,score,info,del) values(169,69,'Test','Test.png',45,2,'测试用数据',0);
insert into product(pid,uid,name,image,price,score,info,del) values(170,63,'Test','Test.png',3,3,'测试用数据',0);
insert into product(pid,uid,name,image,price,score,info,del) values(171,56,'Test','Test.png',21,1,'测试用数据',0);
insert into product(pid,uid,name,image,price,score,info,del) values(172,60,'Test','Test.png',19,3,'测试用数据',0);
insert into product(pid,uid,name,image,price,score,info,del) values(173,59,'Test','Test.png',45,5,'测试用数据',0);
insert into product(pid,uid,name,image,price,score,info,del) values(174,71,'Test','Test.png',32,4,'测试用数据',0);
insert into product(pid,uid,name,image,price,score,info,del) values(175,67,'Test','Test.png',24,2,'测试用数据',0);
insert into product(pid,uid,name,image,price,score,info,del) values(176,74,'Test','Test.png',6,2,'测试用数据',0);
insert into product(pid,uid,name,image,price,score,info,del) values(177,66,'Test','Test.png',21,4,'测试用数据',0);
insert into product(pid,uid,name,image,price,score,info,del) values(178,51,'Test','Test.png',42,1,'测试用数据',0);
insert into product(pid,uid,name,image,price,score,info,del) values(179,68,'Test','Test.png',12,2,'测试用数据',0);
insert into product(pid,uid,name,image,price,score,info,del) values(180,52,'Test','Test.png',12,1,'测试用数据',0);
insert into product(pid,uid,name,image,price,score,info,del) values(181,70,'Test','Test.png',16,1,'测试用数据',0);
insert into product(pid,uid,name,image,price,score,info,del) values(182,67,'Test','Test.png',46,4,'测试用数据',0);
insert into product(pid,uid,name,image,price,score,info,del) values(183,68,'Test','Test.png',31,5,'测试用数据',0);
insert into product(pid,uid,name,image,price,score,info,del) values(184,55,'Test','Test.png',19,4,'测试用数据',0);
insert into product(pid,uid,name,image,price,score,info,del) values(185,63,'Test','Test.png',42,4,'测试用数据',0);
insert into product(pid,uid,name,image,price,score,info,del) values(186,71,'Test','Test.png',34,1,'测试用数据',0);
insert into product(pid,uid,name,image,price,score,info,del) values(187,60,'Test','Test.png',2,2,'测试用数据',0);
insert into product(pid,uid,name,image,price,score,info,del) values(188,53,'Test','Test.png',27,2,'测试用数据',0);
insert into product(pid,uid,name,image,price,score,info,del) values(189,57,'Test','Test.png',24,4,'测试用数据',0);
insert into product(pid,uid,name,image,price,score,info,del) values(190,56,'Test','Test.png',16,3,'测试用数据',0);
insert into product(pid,uid,name,image,price,score,info,del) values(191,61,'Test','Test.png',39,2,'测试用数据',0);
insert into product(pid,uid,name,image,price,score,info,del) values(192,56,'Test','Test.png',41,3,'测试用数据',0);
insert into product(pid,uid,name,image,price,score,info,del) values(193,65,'Test','Test.png',21,4,'测试用数据',0);
insert into product(pid,uid,name,image,price,score,info,del) values(194,66,'Test','Test.png',8,4,'测试用数据',0);
insert into product(pid,uid,name,image,price,score,info,del) values(195,56,'Test','Test.png',26,4,'测试用数据',0);
insert into product(pid,uid,name,image,price,score,info,del) values(196,53,'Test','Test.png',13,4,'测试用数据',0);
insert into product(pid,uid,name,image,price,score,info,del) values(197,74,'Test','Test.png',23,2,'测试用数据',0);
insert into product(pid,uid,name,image,price,score,info,del) values(198,66,'Test','Test.png',27,4,'测试用数据',0);
insert into product(pid,uid,name,image,price,score,info,del) values(199,69,'Test','Test.png',42,2,'测试用数据',0);
insert into product(pid,uid,name,image,price,score,info,del) values(200,68,'Test','Test.png',4,5,'测试用数据',0);
insert into product(pid,uid,name,image,price,score,info,del) values(201,59,'Test','Test.png',49,5,'测试用数据',0);
insert into product(pid,uid,name,image,price,score,info,del) values(202,73,'Test','Test.png',34,5,'测试用数据',0);
insert into product(pid,uid,name,image,price,score,info,del) values(203,74,'Test','Test.png',1,2,'测试用数据',0);
insert into product(pid,uid,name,image,price,score,info,del) values(204,70,'Test','Test.png',33,5,'测试用数据',0);
insert into product(pid,uid,name,image,price,score,info,del) values(205,72,'Test','Test.png',34,5,'测试用数据',0);
insert into product(pid,uid,name,image,price,score,info,del) values(206,55,'Test','Test.png',50,1,'测试用数据',0);
insert into product(pid,uid,name,image,price,score,info,del) values(207,72,'Test','Test.png',1,4,'测试用数据',0);
insert into product(pid,uid,name,image,price,score,info,del) values(208,65,'Test','Test.png',46,3,'测试用数据',0);
insert into product(pid,uid,name,image,price,score,info,del) values(209,61,'Test','Test.png',38,4,'测试用数据',0);
insert into product(pid,uid,name,image,price,score,info,del) values(210,69,'Test','Test.png',15,3,'测试用数据',0);
insert into product(pid,uid,name,image,price,score,info,del) values(211,55,'Test','Test.png',20,3,'测试用数据',0);
insert into product(pid,uid,name,image,price,score,info,del) values(212,69,'Test','Test.png',48,5,'测试用数据',0);
insert into product(pid,uid,name,image,price,score,info,del) values(213,53,'Test','Test.png',46,5,'测试用数据',0);
insert into product(pid,uid,name,image,price,score,info,del) values(214,63,'Test','Test.png',16,1,'测试用数据',0);
insert into product(pid,uid,name,image,price,score,info,del) values(215,54,'Test','Test.png',39,2,'测试用数据',0);
insert into product(pid,uid,name,image,price,score,info,del) values(216,65,'Test','Test.png',9,5,'测试用数据',0);
insert into product(pid,uid,name,image,price,score,info,del) values(217,54,'Test','Test.png',12,3,'测试用数据',0);
insert into product(pid,uid,name,image,price,score,info,del) values(218,52,'Test','Test.png',18,3,'测试用数据',0);
insert into product(pid,uid,name,image,price,score,info,del) values(219,67,'Test','Test.png',12,5,'测试用数据',0);
insert into product(pid,uid,name,image,price,score,info,del) values(220,70,'Test','Test.png',45,1,'测试用数据',0);
insert into product(pid,uid,name,image,price,score,info,del) values(221,72,'Test','Test.png',48,5,'测试用数据',0);
insert into product(pid,uid,name,image,price,score,info,del) values(222,74,'Test','Test.png',15,5,'测试用数据',0);
insert into product(pid,uid,name,image,price,score,info,del) values(223,75,'Test','Test.png',27,5,'测试用数据',0);
insert into product(pid,uid,name,image,price,score,info,del) values(224,68,'Test','Test.png',23,1,'测试用数据',0);
insert into product(pid,uid,name,image,price,score,info,del) values(225,68,'Test','Test.png',18,2,'测试用数据',0);
insert into product(pid,uid,name,image,price,score,info,del) values(226,67,'Test','Test.png',26,4,'测试用数据',0);
insert into product(pid,uid,name,image,price,score,info,del) values(227,66,'Test','Test.png',41,5,'测试用数据',0);
insert into product(pid,uid,name,image,price,score,info,del) values(228,56,'Test','Test.png',7,1,'测试用数据',0);
insert into product(pid,uid,name,image,price,score,info,del) values(229,72,'Test','Test.png',1,3,'测试用数据',0);
insert into product(pid,uid,name,image,price,score,info,del) values(230,51,'Test','Test.png',16,2,'测试用数据',0);
insert into product(pid,uid,name,image,price,score,info,del) values(231,71,'Test','Test.png',23,2,'测试用数据',0);
insert into product(pid,uid,name,image,price,score,info,del) values(232,52,'Test','Test.png',21,1,'测试用数据',0);
insert into product(pid,uid,name,image,price,score,info,del) values(233,56,'Test','Test.png',48,3,'测试用数据',0);
insert into product(pid,uid,name,image,price,score,info,del) values(234,66,'Test','Test.png',41,4,'测试用数据',0);
insert into product(pid,uid,name,image,price,score,info,del) values(235,60,'Test','Test.png',38,2,'测试用数据',0);
insert into product(pid,uid,name,image,price,score,info,del) values(236,57,'Test','Test.png',12,1,'测试用数据',0);
insert into product(pid,uid,name,image,price,score,info,del) values(237,73,'Test','Test.png',5,2,'测试用数据',0);
insert into product(pid,uid,name,image,price,score,info,del) values(238,56,'Test','Test.png',14,3,'测试用数据',0);
insert into product(pid,uid,name,image,price,score,info,del) values(239,56,'Test','Test.png',16,4,'测试用数据',0);
insert into product(pid,uid,name,image,price,score,info,del) values(240,53,'Test','Test.png',3,5,'测试用数据',0);
insert into product(pid,uid,name,image,price,score,info,del) values(241,66,'Test','Test.png',7,2,'测试用数据',0);
insert into product(pid,uid,name,image,price,score,info,del) values(242,60,'Test','Test.png',27,1,'测试用数据',0);
insert into product(pid,uid,name,image,price,score,info,del) values(243,75,'Test','Test.png',49,5,'测试用数据',0);
insert into product(pid,uid,name,image,price,score,info,del) values(244,54,'Test','Test.png',13,5,'测试用数据',0);
insert into product(pid,uid,name,image,price,score,info,del) values(245,66,'Test','Test.png',15,1,'测试用数据',0);
insert into product(pid,uid,name,image,price,score,info,del) values(246,70,'Test','Test.png',3,1,'测试用数据',0);
insert into product(pid,uid,name,image,price,score,info,del) values(247,70,'Test','Test.png',29,4,'测试用数据',0);
insert into product(pid,uid,name,image,price,score,info,del) values(248,66,'Test','Test.png',46,2,'测试用数据',0);
insert into product(pid,uid,name,image,price,score,info,del) values(249,56,'Test','Test.png',4,2,'测试用数据',0);
insert into product(pid,uid,name,image,price,score,info,del) values(250,57,'Test','Test.png',36,2,'测试用数据',0);
insert into product(pid,uid,name,image,price,score,info,del) values(251,55,'Test','Test.png',50,3,'测试用数据',0);
insert into product(pid,uid,name,image,price,score,info,del) values(252,67,'Test','Test.png',6,1,'测试用数据',0);
insert into product(pid,uid,name,image,price,score,info,del) values(253,63,'Test','Test.png',21,4,'测试用数据',0);
insert into product(pid,uid,name,image,price,score,info,del) values(254,75,'Test','Test.png',49,3,'测试用数据',0);
insert into product(pid,uid,name,image,price,score,info,del) values(255,67,'Test','Test.png',36,2,'测试用数据',0);
insert into product(pid,uid,name,image,price,score,info,del) values(256,64,'Test','Test.png',40,2,'测试用数据',0);
insert into product(pid,uid,name,image,price,score,info,del) values(257,53,'Test','Test.png',43,4,'测试用数据',0);
insert into product(pid,uid,name,image,price,score,info,del) values(258,72,'Test','Test.png',47,5,'测试用数据',0);
insert into product(pid,uid,name,image,price,score,info,del) values(259,58,'Test','Test.png',28,3,'测试用数据',0);
insert into product(pid,uid,name,image,price,score,info,del) values(260,67,'Test','Test.png',4,3,'测试用数据',0);
insert into product(pid,uid,name,image,price,score,info,del) values(261,57,'Test','Test.png',47,2,'测试用数据',0);
insert into product(pid,uid,name,image,price,score,info,del) values(262,52,'Test','Test.png',33,2,'测试用数据',0);
insert into product(pid,uid,name,image,price,score,info,del) values(263,64,'Test','Test.png',3,1,'测试用数据',0);
insert into product(pid,uid,name,image,price,score,info,del) values(264,56,'Test','Test.png',18,2,'测试用数据',0);
insert into product(pid,uid,name,image,price,score,info,del) values(265,59,'Test','Test.png',5,5,'测试用数据',0);
insert into product(pid,uid,name,image,price,score,info,del) values(266,52,'Test','Test.png',18,2,'测试用数据',0);
insert into product(pid,uid,name,image,price,score,info,del) values(267,54,'Test','Test.png',19,2,'测试用数据',0);
insert into product(pid,uid,name,image,price,score,info,del) values(268,51,'Test','Test.png',42,4,'测试用数据',0);
insert into product(pid,uid,name,image,price,score,info,del) values(269,63,'Test','Test.png',43,5,'测试用数据',0);
insert into product(pid,uid,name,image,price,score,info,del) values(270,67,'Test','Test.png',31,1,'测试用数据',0);
insert into product(pid,uid,name,image,price,score,info,del) values(271,61,'Test','Test.png',20,3,'测试用数据',0);
insert into product(pid,uid,name,image,price,score,info,del) values(272,64,'Test','Test.png',45,1,'测试用数据',0);
insert into product(pid,uid,name,image,price,score,info,del) values(273,55,'Test','Test.png',50,4,'测试用数据',0);
insert into product(pid,uid,name,image,price,score,info,del) values(274,60,'Test','Test.png',30,3,'测试用数据',0);
insert into product(pid,uid,name,image,price,score,info,del) values(275,68,'Test','Test.png',46,3,'测试用数据',0);
insert into product(pid,uid,name,image,price,score,info,del) values(276,71,'Test','Test.png',24,1,'测试用数据',0);
insert into product(pid,uid,name,image,price,score,info,del) values(277,63,'Test','Test.png',19,3,'测试用数据',0);
insert into product(pid,uid,name,image,price,score,info,del) values(278,65,'Test','Test.png',42,5,'测试用数据',0);
insert into product(pid,uid,name,image,price,score,info,del) values(279,65,'Test','Test.png',1,2,'测试用数据',0);
insert into product(pid,uid,name,image,price,score,info,del) values(280,60,'Test','Test.png',24,4,'测试用数据',0);
insert into product(pid,uid,name,image,price,score,info,del) values(281,69,'Test','Test.png',10,4,'测试用数据',0);
insert into product(pid,uid,name,image,price,score,info,del) values(282,75,'Test','Test.png',8,2,'测试用数据',0);
insert into product(pid,uid,name,image,price,score,info,del) values(283,55,'Test','Test.png',25,3,'测试用数据',0);
insert into product(pid,uid,name,image,price,score,info,del) values(284,69,'Test','Test.png',17,3,'测试用数据',0);
insert into product(pid,uid,name,image,price,score,info,del) values(285,69,'Test','Test.png',6,2,'测试用数据',0);
insert into product(pid,uid,name,image,price,score,info,del) values(286,55,'Test','Test.png',3,5,'测试用数据',0);
insert into product(pid,uid,name,image,price,score,info,del) values(287,74,'Test','Test.png',45,3,'测试用数据',0);
insert into product(pid,uid,name,image,price,score,info,del) values(288,63,'Test','Test.png',8,4,'测试用数据',0);
insert into product(pid,uid,name,image,price,score,info,del) values(289,58,'Test','Test.png',13,4,'测试用数据',0);
insert into product(pid,uid,name,image,price,score,info,del) values(290,59,'Test','Test.png',3,2,'测试用数据',0);
insert into product(pid,uid,name,image,price,score,info,del) values(291,54,'Test','Test.png',42,1,'测试用数据',0);
insert into product(pid,uid,name,image,price,score,info,del) values(292,66,'Test','Test.png',21,5,'测试用数据',0);
insert into product(pid,uid,name,image,price,score,info,del) values(293,60,'Test','Test.png',50,5,'测试用数据',0);
insert into product(pid,uid,name,image,price,score,info,del) values(294,70,'Test','Test.png',6,5,'测试用数据',0);
insert into product(pid,uid,name,image,price,score,info,del) values(295,59,'Test','Test.png',7,3,'测试用数据',0);
insert into product(pid,uid,name,image,price,score,info,del) values(296,60,'Test','Test.png',48,5,'测试用数据',0);
insert into product(pid,uid,name,image,price,score,info,del) values(297,53,'Test','Test.png',6,3,'测试用数据',0);
insert into product(pid,uid,name,image,price,score,info,del) values(298,52,'Test','Test.png',16,1,'测试用数据',0);
insert into product(pid,uid,name,image,price,score,info,del) values(299,58,'Test','Test.png',4,3,'测试用数据',0);
insert into product(pid,uid,name,image,price,score,info,del) values(300,72,'Test','Test.png',26,3,'测试用数据',0);
insert into product(pid,uid,name,image,price,score,info,del) values(301,70,'Test','Test.png',41,2,'测试用数据',0);
insert into product(pid,uid,name,image,price,score,info,del) values(302,67,'Test','Test.png',38,5,'测试用数据',0);
insert into product(pid,uid,name,image,price,score,info,del) values(303,75,'Test','Test.png',4,1,'测试用数据',0);
insert into product(pid,uid,name,image,price,score,info,del) values(304,57,'Test','Test.png',50,5,'测试用数据',0);
insert into product(pid,uid,name,image,price,score,info,del) values(305,68,'Test','Test.png',20,5,'测试用数据',0);
insert into product(pid,uid,name,image,price,score,info,del) values(306,60,'Test','Test.png',31,5,'测试用数据',0);
insert into product(pid,uid,name,image,price,score,info,del) values(307,66,'Test','Test.png',10,4,'测试用数据',0);
insert into product(pid,uid,name,image,price,score,info,del) values(308,59,'Test','Test.png',45,3,'测试用数据',0);
insert into product(pid,uid,name,image,price,score,info,del) values(309,75,'Test','Test.png',20,1,'测试用数据',0);
insert into product(pid,uid,name,image,price,score,info,del) values(310,54,'Test','Test.png',50,2,'测试用数据',0);
insert into product(pid,uid,name,image,price,score,info,del) values(311,62,'Test','Test.png',32,1,'测试用数据',0);
insert into product(pid,uid,name,image,price,score,info,del) values(312,52,'Test','Test.png',19,1,'测试用数据',0);
insert into product(pid,uid,name,image,price,score,info,del) values(313,66,'Test','Test.png',24,2,'测试用数据',0);
insert into product(pid,uid,name,image,price,score,info,del) values(314,69,'Test','Test.png',47,2,'测试用数据',0);
insert into product(pid,uid,name,image,price,score,info,del) values(315,59,'Test','Test.png',12,4,'测试用数据',0);
insert into product(pid,uid,name,image,price,score,info,del) values(316,52,'Test','Test.png',28,1,'测试用数据',0);
insert into product(pid,uid,name,image,price,score,info,del) values(317,63,'Test','Test.png',4,3,'测试用数据',0);
insert into product(pid,uid,name,image,price,score,info,del) values(318,58,'Test','Test.png',39,1,'测试用数据',0);
insert into product(pid,uid,name,image,price,score,info,del) values(319,52,'Test','Test.png',45,5,'测试用数据',0);
insert into product(pid,uid,name,image,price,score,info,del) values(320,72,'Test','Test.png',50,4,'测试用数据',0);
insert into product(pid,uid,name,image,price,score,info,del) values(321,69,'Test','Test.png',24,2,'测试用数据',0);
insert into product(pid,uid,name,image,price,score,info,del) values(322,52,'Test','Test.png',8,2,'测试用数据',0);
insert into product(pid,uid,name,image,price,score,info,del) values(323,73,'Test','Test.png',42,5,'测试用数据',0);
insert into product(pid,uid,name,image,price,score,info,del) values(324,70,'Test','Test.png',18,5,'测试用数据',0);
insert into product(pid,uid,name,image,price,score,info,del) values(325,74,'Test','Test.png',47,5,'测试用数据',0);
insert into product(pid,uid,name,image,price,score,info,del) values(326,58,'Test','Test.png',5,1,'测试用数据',0);
insert into product(pid,uid,name,image,price,score,info,del) values(327,63,'Test','Test.png',31,3,'测试用数据',0);
insert into product(pid,uid,name,image,price,score,info,del) values(328,58,'Test','Test.png',32,1,'测试用数据',0);
insert into product(pid,uid,name,image,price,score,info,del) values(329,58,'Test','Test.png',47,3,'测试用数据',0);
insert into product(pid,uid,name,image,price,score,info,del) values(330,58,'Test','Test.png',18,3,'测试用数据',0);
insert into product(pid,uid,name,image,price,score,info,del) values(331,68,'Test','Test.png',50,3,'测试用数据',0);
insert into product(pid,uid,name,image,price,score,info,del) values(332,66,'Test','Test.png',29,1,'测试用数据',0);
insert into product(pid,uid,name,image,price,score,info,del) values(333,65,'Test','Test.png',41,4,'测试用数据',0);
insert into product(pid,uid,name,image,price,score,info,del) values(334,61,'Test','Test.png',24,3,'测试用数据',0);
insert into product(pid,uid,name,image,price,score,info,del) values(335,74,'Test','Test.png',44,5,'测试用数据',0);
insert into product(pid,uid,name,image,price,score,info,del) values(336,69,'Test','Test.png',12,4,'测试用数据',0);
insert into product(pid,uid,name,image,price,score,info,del) values(337,71,'Test','Test.png',47,2,'测试用数据',0);
insert into product(pid,uid,name,image,price,score,info,del) values(338,61,'Test','Test.png',20,4,'测试用数据',0);
insert into product(pid,uid,name,image,price,score,info,del) values(339,72,'Test','Test.png',17,1,'测试用数据',0);
insert into product(pid,uid,name,image,price,score,info,del) values(340,60,'Test','Test.png',47,2,'测试用数据',0);
insert into product(pid,uid,name,image,price,score,info,del) values(341,74,'Test','Test.png',10,3,'测试用数据',0);
insert into product(pid,uid,name,image,price,score,info,del) values(342,53,'Test','Test.png',3,1,'测试用数据',0);
insert into product(pid,uid,name,image,price,score,info,del) values(343,64,'Test','Test.png',43,4,'测试用数据',0);
insert into product(pid,uid,name,image,price,score,info,del) values(344,55,'Test','Test.png',49,4,'测试用数据',0);
insert into product(pid,uid,name,image,price,score,info,del) values(345,74,'Test','Test.png',33,1,'测试用数据',0);
insert into product(pid,uid,name,image,price,score,info,del) values(346,72,'Test','Test.png',10,5,'测试用数据',0);
insert into product(pid,uid,name,image,price,score,info,del) values(347,52,'Test','Test.png',40,5,'测试用数据',0);
insert into product(pid,uid,name,image,price,score,info,del) values(348,73,'Test','Test.png',11,5,'测试用数据',0);
insert into product(pid,uid,name,image,price,score,info,del) values(349,68,'Test','Test.png',14,4,'测试用数据',0);
insert into product(pid,uid,name,image,price,score,info,del) values(350,65,'Test','Test.png',29,2,'测试用数据',0);
insert into product(pid,uid,name,image,price,score,info,del) values(351,72,'Test','Test.png',11,1,'测试用数据',0);
insert into product(pid,uid,name,image,price,score,info,del) values(352,60,'Test','Test.png',33,3,'测试用数据',0);
insert into product(pid,uid,name,image,price,score,info,del) values(353,52,'Test','Test.png',19,3,'测试用数据',0);
insert into product(pid,uid,name,image,price,score,info,del) values(354,61,'Test','Test.png',22,2,'测试用数据',0);
insert into product(pid,uid,name,image,price,score,info,del) values(355,51,'Test','Test.png',39,3,'测试用数据',0);
insert into product(pid,uid,name,image,price,score,info,del) values(356,60,'Test','Test.png',40,2,'测试用数据',0);
insert into product(pid,uid,name,image,price,score,info,del) values(357,59,'Test','Test.png',27,2,'测试用数据',0);
insert into product(pid,uid,name,image,price,score,info,del) values(358,64,'Test','Test.png',14,1,'测试用数据',0);
insert into product(pid,uid,name,image,price,score,info,del) values(359,60,'Test','Test.png',15,1,'测试用数据',0);
insert into product(pid,uid,name,image,price,score,info,del) values(360,65,'Test','Test.png',1,2,'测试用数据',0);
insert into product(pid,uid,name,image,price,score,info,del) values(361,73,'Test','Test.png',35,5,'测试用数据',0);
insert into product(pid,uid,name,image,price,score,info,del) values(362,67,'Test','Test.png',41,5,'测试用数据',0);
insert into product(pid,uid,name,image,price,score,info,del) values(363,54,'Test','Test.png',40,1,'测试用数据',0);
insert into product(pid,uid,name,image,price,score,info,del) values(364,56,'Test','Test.png',21,4,'测试用数据',0);
insert into product(pid,uid,name,image,price,score,info,del) values(365,68,'Test','Test.png',19,2,'测试用数据',0);
insert into product(pid,uid,name,image,price,score,info,del) values(366,68,'Test','Test.png',46,5,'测试用数据',0);
insert into product(pid,uid,name,image,price,score,info,del) values(367,54,'Test','Test.png',2,1,'测试用数据',0);
insert into product(pid,uid,name,image,price,score,info,del) values(368,52,'Test','Test.png',15,2,'测试用数据',0);
insert into product(pid,uid,name,image,price,score,info,del) values(369,60,'Test','Test.png',8,2,'测试用数据',0);
insert into product(pid,uid,name,image,price,score,info,del) values(370,61,'Test','Test.png',6,4,'测试用数据',0);
insert into product(pid,uid,name,image,price,score,info,del) values(371,56,'Test','Test.png',28,1,'测试用数据',0);
insert into product(pid,uid,name,image,price,score,info,del) values(372,71,'Test','Test.png',36,2,'测试用数据',0);
insert into product(pid,uid,name,image,price,score,info,del) values(373,57,'Test','Test.png',9,3,'测试用数据',0);
insert into product(pid,uid,name,image,price,score,info,del) values(374,53,'Test','Test.png',24,1,'测试用数据',0);
insert into product(pid,uid,name,image,price,score,info,del) values(375,61,'Test','Test.png',32,3,'测试用数据',0);
insert into product(pid,uid,name,image,price,score,info,del) values(376,75,'Test','Test.png',20,4,'测试用数据',0);
insert into product(pid,uid,name,image,price,score,info,del) values(377,54,'Test','Test.png',40,3,'测试用数据',0);
insert into product(pid,uid,name,image,price,score,info,del) values(378,59,'Test','Test.png',28,4,'测试用数据',0);
insert into product(pid,uid,name,image,price,score,info,del) values(379,60,'Test','Test.png',3,1,'测试用数据',0);
insert into product(pid,uid,name,image,price,score,info,del) values(380,68,'Test','Test.png',1,2,'测试用数据',0);
insert into product(pid,uid,name,image,price,score,info,del) values(381,55,'Test','Test.png',7,5,'测试用数据',0);
insert into product(pid,uid,name,image,price,score,info,del) values(382,66,'Test','Test.png',20,5,'测试用数据',0);
insert into product(pid,uid,name,image,price,score,info,del) values(383,71,'Test','Test.png',48,2,'测试用数据',0);
insert into product(pid,uid,name,image,price,score,info,del) values(384,65,'Test','Test.png',44,3,'测试用数据',0);
insert into product(pid,uid,name,image,price,score,info,del) values(385,54,'Test','Test.png',25,1,'测试用数据',0);
insert into product(pid,uid,name,image,price,score,info,del) values(386,70,'Test','Test.png',39,3,'测试用数据',0);
insert into product(pid,uid,name,image,price,score,info,del) values(387,64,'Test','Test.png',4,2,'测试用数据',0);
insert into product(pid,uid,name,image,price,score,info,del) values(388,51,'Test','Test.png',47,4,'测试用数据',0);
insert into product(pid,uid,name,image,price,score,info,del) values(389,56,'Test','Test.png',42,2,'测试用数据',0);
insert into product(pid,uid,name,image,price,score,info,del) values(390,65,'Test','Test.png',24,2,'测试用数据',0);
insert into product(pid,uid,name,image,price,score,info,del) values(391,58,'Test','Test.png',29,2,'测试用数据',0);
insert into product(pid,uid,name,image,price,score,info,del) values(392,54,'Test','Test.png',22,3,'测试用数据',0);
insert into product(pid,uid,name,image,price,score,info,del) values(393,73,'Test','Test.png',28,4,'测试用数据',0);
insert into product(pid,uid,name,image,price,score,info,del) values(394,70,'Test','Test.png',42,5,'测试用数据',0);
insert into product(pid,uid,name,image,price,score,info,del) values(395,70,'Test','Test.png',26,1,'测试用数据',0);
insert into product(pid,uid,name,image,price,score,info,del) values(396,74,'Test','Test.png',3,2,'测试用数据',0);
insert into product(pid,uid,name,image,price,score,info,del) values(397,62,'Test','Test.png',5,3,'测试用数据',0);
insert into product(pid,uid,name,image,price,score,info,del) values(398,54,'Test','Test.png',20,1,'测试用数据',0);
insert into product(pid,uid,name,image,price,score,info,del) values(399,71,'Test','Test.png',9,4,'测试用数据',0);
insert into product(pid,uid,name,image,price,score,info,del) values(400,74,'Test','Test.png',3,4,'测试用数据',0);
insert into product(pid,uid,name,image,price,score,info,del) values(401,60,'Test','Test.png',39,2,'测试用数据',0);
insert into product(pid,uid,name,image,price,score,info,del) values(402,74,'Test','Test.png',15,1,'测试用数据',0);
insert into product(pid,uid,name,image,price,score,info,del) values(403,74,'Test','Test.png',19,5,'测试用数据',0);
insert into product(pid,uid,name,image,price,score,info,del) values(404,72,'Test','Test.png',34,1,'测试用数据',0);
insert into product(pid,uid,name,image,price,score,info,del) values(405,58,'Test','Test.png',42,2,'测试用数据',0);
insert into product(pid,uid,name,image,price,score,info,del) values(406,67,'Test','Test.png',34,3,'测试用数据',0);
insert into product(pid,uid,name,image,price,score,info,del) values(407,68,'Test','Test.png',28,4,'测试用数据',0);
insert into product(pid,uid,name,image,price,score,info,del) values(408,66,'Test','Test.png',23,1,'测试用数据',0);
insert into product(pid,uid,name,image,price,score,info,del) values(409,70,'Test','Test.png',6,5,'测试用数据',0);
insert into product(pid,uid,name,image,price,score,info,del) values(410,70,'Test','Test.png',23,1,'测试用数据',0);
insert into product(pid,uid,name,image,price,score,info,del) values(411,73,'Test','Test.png',1,3,'测试用数据',0);
insert into product(pid,uid,name,image,price,score,info,del) values(412,57,'Test','Test.png',13,1,'测试用数据',0);
insert into product(pid,uid,name,image,price,score,info,del) values(413,64,'Test','Test.png',43,2,'测试用数据',0);
insert into product(pid,uid,name,image,price,score,info,del) values(414,62,'Test','Test.png',49,5,'测试用数据',0);
insert into product(pid,uid,name,image,price,score,info,del) values(415,54,'Test','Test.png',48,4,'测试用数据',0);
insert into product(pid,uid,name,image,price,score,info,del) values(416,63,'Test','Test.png',33,4,'测试用数据',0);
insert into product(pid,uid,name,image,price,score,info,del) values(417,75,'Test','Test.png',7,4,'测试用数据',0);
insert into product(pid,uid,name,image,price,score,info,del) values(418,70,'Test','Test.png',32,2,'测试用数据',0);
insert into product(pid,uid,name,image,price,score,info,del) values(419,60,'Test','Test.png',24,3,'测试用数据',0);
insert into product(pid,uid,name,image,price,score,info,del) values(420,51,'Test','Test.png',37,3,'测试用数据',0);
insert into product(pid,uid,name,image,price,score,info,del) values(421,59,'Test','Test.png',37,2,'测试用数据',0);
insert into product(pid,uid,name,image,price,score,info,del) values(422,57,'Test','Test.png',45,3,'测试用数据',0);
insert into product(pid,uid,name,image,price,score,info,del) values(423,57,'Test','Test.png',47,4,'测试用数据',0);
insert into product(pid,uid,name,image,price,score,info,del) values(424,67,'Test','Test.png',47,1,'测试用数据',0);
insert into product(pid,uid,name,image,price,score,info,del) values(425,57,'Test','Test.png',14,4,'测试用数据',0);
insert into product(pid,uid,name,image,price,score,info,del) values(426,74,'Test','Test.png',3,2,'测试用数据',0);
insert into product(pid,uid,name,image,price,score,info,del) values(427,68,'Test','Test.png',19,5,'测试用数据',0);
insert into product(pid,uid,name,image,price,score,info,del) values(428,56,'Test','Test.png',5,2,'测试用数据',0);
insert into product(pid,uid,name,image,price,score,info,del) values(429,60,'Test','Test.png',33,1,'测试用数据',0);
insert into product(pid,uid,name,image,price,score,info,del) values(430,62,'Test','Test.png',47,3,'测试用数据',0);
insert into product(pid,uid,name,image,price,score,info,del) values(431,68,'Test','Test.png',13,1,'测试用数据',0);
insert into product(pid,uid,name,image,price,score,info,del) values(432,54,'Test','Test.png',31,2,'测试用数据',0);
insert into product(pid,uid,name,image,price,score,info,del) values(433,70,'Test','Test.png',1,4,'测试用数据',0);
insert into product(pid,uid,name,image,price,score,info,del) values(434,52,'Test','Test.png',20,5,'测试用数据',0);
insert into product(pid,uid,name,image,price,score,info,del) values(435,61,'Test','Test.png',26,5,'测试用数据',0);
insert into product(pid,uid,name,image,price,score,info,del) values(436,58,'Test','Test.png',5,2,'测试用数据',0);
insert into product(pid,uid,name,image,price,score,info,del) values(437,72,'Test','Test.png',48,5,'测试用数据',0);
insert into product(pid,uid,name,image,price,score,info,del) values(438,71,'Test','Test.png',28,4,'测试用数据',0);
insert into product(pid,uid,name,image,price,score,info,del) values(439,62,'Test','Test.png',43,5,'测试用数据',0);
insert into product(pid,uid,name,image,price,score,info,del) values(440,64,'Test','Test.png',16,1,'测试用数据',0);
insert into product(pid,uid,name,image,price,score,info,del) values(441,73,'Test','Test.png',43,4,'测试用数据',0);
insert into product(pid,uid,name,image,price,score,info,del) values(442,65,'Test','Test.png',26,3,'测试用数据',0);
insert into product(pid,uid,name,image,price,score,info,del) values(443,63,'Test','Test.png',3,5,'测试用数据',0);
insert into product(pid,uid,name,image,price,score,info,del) values(444,71,'Test','Test.png',7,3,'测试用数据',0);
insert into product(pid,uid,name,image,price,score,info,del) values(445,72,'Test','Test.png',13,5,'测试用数据',0);
insert into product(pid,uid,name,image,price,score,info,del) values(446,74,'Test','Test.png',22,5,'测试用数据',0);
insert into product(pid,uid,name,image,price,score,info,del) values(447,71,'Test','Test.png',31,5,'测试用数据',0);
insert into product(pid,uid,name,image,price,score,info,del) values(448,61,'Test','Test.png',45,1,'测试用数据',0);
insert into product(pid,uid,name,image,price,score,info,del) values(449,60,'Test','Test.png',18,1,'测试用数据',0);
insert into product(pid,uid,name,image,price,score,info,del) values(450,68,'Test','Test.png',22,1,'测试用数据',0);
insert into product(pid,uid,name,image,price,score,info,del) values(451,62,'Test','Test.png',5,1,'测试用数据',0);
insert into product(pid,uid,name,image,price,score,info,del) values(452,55,'Test','Test.png',16,5,'测试用数据',0);
insert into product(pid,uid,name,image,price,score,info,del) values(453,64,'Test','Test.png',8,2,'测试用数据',0);
insert into product(pid,uid,name,image,price,score,info,del) values(454,62,'Test','Test.png',36,5,'测试用数据',0);
insert into product(pid,uid,name,image,price,score,info,del) values(455,59,'Test','Test.png',2,4,'测试用数据',0);
insert into product(pid,uid,name,image,price,score,info,del) values(456,55,'Test','Test.png',29,4,'测试用数据',0);
insert into product(pid,uid,name,image,price,score,info,del) values(457,54,'Test','Test.png',48,3,'测试用数据',0);
insert into product(pid,uid,name,image,price,score,info,del) values(458,72,'Test','Test.png',13,1,'测试用数据',0);
insert into product(pid,uid,name,image,price,score,info,del) values(459,68,'Test','Test.png',3,3,'测试用数据',0);
insert into product(pid,uid,name,image,price,score,info,del) values(460,70,'Test','Test.png',9,4,'测试用数据',0);
insert into product(pid,uid,name,image,price,score,info,del) values(461,51,'Test','Test.png',32,2,'测试用数据',0);
insert into product(pid,uid,name,image,price,score,info,del) values(462,63,'Test','Test.png',11,4,'测试用数据',0);
insert into product(pid,uid,name,image,price,score,info,del) values(463,53,'Test','Test.png',48,4,'测试用数据',0);
insert into product(pid,uid,name,image,price,score,info,del) values(464,62,'Test','Test.png',3,1,'测试用数据',0);
insert into product(pid,uid,name,image,price,score,info,del) values(465,67,'Test','Test.png',21,1,'测试用数据',0);
insert into product(pid,uid,name,image,price,score,info,del) values(466,73,'Test','Test.png',24,4,'测试用数据',0);
insert into product(pid,uid,name,image,price,score,info,del) values(467,56,'Test','Test.png',44,5,'测试用数据',0);
insert into product(pid,uid,name,image,price,score,info,del) values(468,69,'Test','Test.png',33,1,'测试用数据',0);
insert into product(pid,uid,name,image,price,score,info,del) values(469,54,'Test','Test.png',4,1,'测试用数据',0);
insert into product(pid,uid,name,image,price,score,info,del) values(470,72,'Test','Test.png',13,5,'测试用数据',0);
insert into product(pid,uid,name,image,price,score,info,del) values(471,59,'Test','Test.png',14,2,'测试用数据',0);
insert into product(pid,uid,name,image,price,score,info,del) values(472,52,'Test','Test.png',27,2,'测试用数据',0);
insert into product(pid,uid,name,image,price,score,info,del) values(473,67,'Test','Test.png',11,3,'测试用数据',0);
insert into product(pid,uid,name,image,price,score,info,del) values(474,51,'Test','Test.png',17,4,'测试用数据',0);
insert into product(pid,uid,name,image,price,score,info,del) values(475,72,'Test','Test.png',25,3,'测试用数据',0);
insert into product(pid,uid,name,image,price,score,info,del) values(476,62,'Test','Test.png',21,2,'测试用数据',0);
insert into product(pid,uid,name,image,price,score,info,del) values(477,60,'Test','Test.png',41,4,'测试用数据',0);
insert into product(pid,uid,name,image,price,score,info,del) values(478,75,'Test','Test.png',18,3,'测试用数据',0);
insert into product(pid,uid,name,image,price,score,info,del) values(479,70,'Test','Test.png',12,3,'测试用数据',0);
insert into product(pid,uid,name,image,price,score,info,del) values(480,60,'Test','Test.png',38,1,'测试用数据',0);
insert into product(pid,uid,name,image,price,score,info,del) values(481,62,'Test','Test.png',19,5,'测试用数据',0);
insert into product(pid,uid,name,image,price,score,info,del) values(482,72,'Test','Test.png',26,3,'测试用数据',0);
insert into product(pid,uid,name,image,price,score,info,del) values(483,63,'Test','Test.png',6,4,'测试用数据',0);
insert into product(pid,uid,name,image,price,score,info,del) values(484,55,'Test','Test.png',19,5,'测试用数据',0);
insert into product(pid,uid,name,image,price,score,info,del) values(485,63,'Test','Test.png',27,5,'测试用数据',0);
insert into product(pid,uid,name,image,price,score,info,del) values(486,57,'Test','Test.png',27,1,'测试用数据',0);
insert into product(pid,uid,name,image,price,score,info,del) values(487,60,'Test','Test.png',29,2,'测试用数据',0);
insert into product(pid,uid,name,image,price,score,info,del) values(488,61,'Test','Test.png',1,1,'测试用数据',0);
insert into product(pid,uid,name,image,price,score,info,del) values(489,56,'Test','Test.png',45,2,'测试用数据',0);
insert into product(pid,uid,name,image,price,score,info,del) values(490,53,'Test','Test.png',19,4,'测试用数据',0);
insert into product(pid,uid,name,image,price,score,info,del) values(491,65,'Test','Test.png',20,3,'测试用数据',0);
insert into product(pid,uid,name,image,price,score,info,del) values(492,55,'Test','Test.png',4,1,'测试用数据',0);
insert into product(pid,uid,name,image,price,score,info,del) values(493,57,'Test','Test.png',23,3,'测试用数据',0);
insert into product(pid,uid,name,image,price,score,info,del) values(494,61,'Test','Test.png',27,4,'测试用数据',0);
insert into product(pid,uid,name,image,price,score,info,del) values(495,68,'Test','Test.png',4,1,'测试用数据',0);
insert into product(pid,uid,name,image,price,score,info,del) values(496,67,'Test','Test.png',9,2,'测试用数据',0);
insert into product(pid,uid,name,image,price,score,info,del) values(497,71,'Test','Test.png',11,1,'测试用数据',0);
insert into product(pid,uid,name,image,price,score,info,del) values(498,53,'Test','Test.png',37,3,'测试用数据',0);
insert into product(pid,uid,name,image,price,score,info,del) values(499,56,'Test','Test.png',21,1,'测试用数据',0);
insert into product(pid,uid,name,image,price,score,info,del) values(500,70,'Test','Test.png',13,3,'测试用数据',0);
insert into _order(oid,state,bid,sid,did,tid,date,info,del) values(1,5,33,52,null,3794362109,'2023-10-20 00:00:00','测试用数据',0);
insert into listing(lid,uid,oid,pid,amount) values(1,70,1,109,9);
insert into listing(lid,uid,oid,pid,amount) values(2,70,1,347,9);
insert into listing(lid,uid,oid,pid,amount) values(3,70,1,117,3);
insert into listing(lid,uid,oid,pid,amount) values(4,70,1,353,9);
insert into listing(lid,uid,oid,pid,amount) values(5,70,1,316,9);
insert into listing(lid,uid,oid,pid,amount) values(6,70,1,472,1);
insert into listing(lid,uid,oid,pid,amount) values(7,70,1,322,8);
insert into listing(lid,uid,oid,pid,amount) values(8,70,1,52,3);
insert into listing(lid,uid,oid,pid,amount) values(9,70,1,91,5);
insert into listing(lid,uid,oid,pid,amount) values(10,70,1,434,5);
insert into listing(lid,uid,oid,pid,amount) values(11,70,1,368,7);
insert into listing(lid,uid,oid,pid,amount) values(12,70,1,134,6);
insert into listing(lid,uid,oid,pid,amount) values(13,70,1,152,7);
insert into listing(lid,uid,oid,pid,amount) values(14,70,1,298,8);
insert into listing(lid,uid,oid,pid,amount) values(15,70,1,103,10);
insert into listing(lid,uid,oid,pid,amount) values(16,70,1,312,3);
insert into listing(lid,uid,oid,pid,amount) values(17,70,1,262,5);
insert into review(rid,oid,uid,score,detail,date,del) values(1,1,52,3,'测试用数据:评论1','2023-10-20 00:00:00',0);
insert into review(rid,oid,uid,score,detail,date,del) values(2,1,52,4,'测试用数据:评论2','2023-10-20 00:00:00',0);
insert into review(rid,oid,uid,score,detail,date,del) values(3,1,52,3,'测试用数据:评论3','2023-10-20 00:00:00',0);
insert into review(rid,oid,uid,score,detail,date,del) values(4,1,52,4,'测试用数据:评论4','2023-10-20 00:00:00',0);
insert into review(rid,oid,uid,score,detail,date,del) values(5,1,52,5,'测试用数据:评论5','2023-10-20 00:00:00',0);
insert into _order(oid,state,bid,sid,did,tid,date,info,del) values(2,5,45,58,null,1712741386,'2023-10-20 00:00:00','测试用数据',0);
insert into listing(lid,uid,oid,pid,amount) values(18,70,2,405,9);
insert into review(rid,oid,uid,score,detail,date,del) values(6,2,58,2,'测试用数据:评论6','2023-10-20 00:00:00',0);
insert into review(rid,oid,uid,score,detail,date,del) values(7,2,58,3,'测试用数据:评论7','2023-10-20 00:00:00',0);
insert into review(rid,oid,uid,score,detail,date,del) values(8,2,58,4,'测试用数据:评论8','2023-10-20 00:00:00',0);
insert into review(rid,oid,uid,score,detail,date,del) values(9,2,58,4,'测试用数据:评论9','2023-10-20 00:00:00',0);
insert into review(rid,oid,uid,score,detail,date,del) values(10,2,58,5,'测试用数据:评论10','2023-10-20 00:00:00',0);
insert into review(rid,oid,uid,score,detail,date,del) values(11,2,58,5,'测试用数据:评论11','2023-10-20 00:00:00',0);
insert into review(rid,oid,uid,score,detail,date,del) values(12,2,58,4,'测试用数据:评论12','2023-10-20 00:00:00',0);
insert into review(rid,oid,uid,score,detail,date,del) values(13,2,58,5,'测试用数据:评论13','2023-10-20 00:00:00',0);
insert into review(rid,oid,uid,score,detail,date,del) values(14,2,58,0,'测试用数据:评论14','2023-10-20 00:00:00',0);
insert into review(rid,oid,uid,score,detail,date,del) values(15,2,58,1,'测试用数据:评论15','2023-10-20 00:00:00',0);
insert into review(rid,oid,uid,score,detail,date,del) values(16,2,58,0,'测试用数据:评论16','2023-10-20 00:00:00',0);
insert into review(rid,oid,uid,score,detail,date,del) values(17,2,58,1,'测试用数据:评论17','2023-10-20 00:00:00',0);
insert into review(rid,oid,uid,score,detail,date,del) values(18,2,58,4,'测试用数据:评论18','2023-10-20 00:00:00',0);
insert into review(rid,oid,uid,score,detail,date,del) values(19,2,58,5,'测试用数据:评论19','2023-10-20 00:00:00',0);
insert into review(rid,oid,uid,score,detail,date,del) values(20,2,58,5,'测试用数据:评论20','2023-10-20 00:00:00',0);
insert into _order(oid,state,bid,sid,did,tid,date,info,del) values(3,5,19,72,null,1536025860,'2023-10-20 00:00:00','测试用数据',0);
insert into listing(lid,uid,oid,pid,amount) values(19,70,3,61,5);
insert into listing(lid,uid,oid,pid,amount) values(20,70,3,3,1);
insert into listing(lid,uid,oid,pid,amount) values(21,70,3,458,6);
insert into listing(lid,uid,oid,pid,amount) values(22,70,3,51,9);
insert into listing(lid,uid,oid,pid,amount) values(23,70,3,339,8);
insert into listing(lid,uid,oid,pid,amount) values(24,70,3,346,5);
insert into listing(lid,uid,oid,pid,amount) values(25,70,3,475,6);
insert into listing(lid,uid,oid,pid,amount) values(26,70,3,229,3);
insert into listing(lid,uid,oid,pid,amount) values(27,70,3,258,8);
insert into listing(lid,uid,oid,pid,amount) values(28,70,3,145,9);
insert into listing(lid,uid,oid,pid,amount) values(29,70,3,114,2);
insert into listing(lid,uid,oid,pid,amount) values(30,70,3,470,1);
insert into listing(lid,uid,oid,pid,amount) values(31,70,3,351,7);
insert into listing(lid,uid,oid,pid,amount) values(32,70,3,221,5);
insert into listing(lid,uid,oid,pid,amount) values(33,70,3,445,1);
insert into listing(lid,uid,oid,pid,amount) values(34,70,3,124,8);
insert into listing(lid,uid,oid,pid,amount) values(35,70,3,123,5);
insert into listing(lid,uid,oid,pid,amount) values(36,70,3,95,3);
insert into listing(lid,uid,oid,pid,amount) values(37,70,3,437,8);
insert into listing(lid,uid,oid,pid,amount) values(38,70,3,155,8);
insert into listing(lid,uid,oid,pid,amount) values(39,70,3,300,2);
insert into listing(lid,uid,oid,pid,amount) values(40,70,3,4,2);
insert into listing(lid,uid,oid,pid,amount) values(41,70,3,167,6);
insert into listing(lid,uid,oid,pid,amount) values(42,70,3,205,1);
insert into listing(lid,uid,oid,pid,amount) values(43,70,3,482,6);
insert into listing(lid,uid,oid,pid,amount) values(44,70,3,320,2);
insert into listing(lid,uid,oid,pid,amount) values(45,70,3,404,10);
insert into review(rid,oid,uid,score,detail,date,del) values(21,3,72,0,'测试用数据:评论21','2023-10-20 00:00:00',0);
insert into review(rid,oid,uid,score,detail,date,del) values(22,3,72,5,'测试用数据:评论22','2023-10-20 00:00:00',0);
insert into review(rid,oid,uid,score,detail,date,del) values(23,3,72,4,'测试用数据:评论23','2023-10-20 00:00:00',0);
insert into review(rid,oid,uid,score,detail,date,del) values(24,3,72,0,'测试用数据:评论24','2023-10-20 00:00:00',0);
insert into review(rid,oid,uid,score,detail,date,del) values(25,3,72,3,'测试用数据:评论25','2023-10-20 00:00:00',0);
insert into review(rid,oid,uid,score,detail,date,del) values(26,3,72,4,'测试用数据:评论26','2023-10-20 00:00:00',0);
insert into review(rid,oid,uid,score,detail,date,del) values(27,3,72,1,'测试用数据:评论27','2023-10-20 00:00:00',0);
insert into review(rid,oid,uid,score,detail,date,del) values(28,3,72,1,'测试用数据:评论28','2023-10-20 00:00:00',0);
insert into review(rid,oid,uid,score,detail,date,del) values(29,3,72,4,'测试用数据:评论29','2023-10-20 00:00:00',0);
insert into review(rid,oid,uid,score,detail,date,del) values(30,3,72,3,'测试用数据:评论30','2023-10-20 00:00:00',0);
insert into review(rid,oid,uid,score,detail,date,del) values(31,3,72,4,'测试用数据:评论31','2023-10-20 00:00:00',0);
insert into review(rid,oid,uid,score,detail,date,del) values(32,3,72,3,'测试用数据:评论32','2023-10-20 00:00:00',0);
insert into _order(oid,state,bid,sid,did,tid,date,info,del) values(4,0,31,75,null,2338693660,'2023-10-20 00:00:00','测试用数据',0);
insert into listing(lid,uid,oid,pid,amount) values(46,70,4,254,9);
insert into listing(lid,uid,oid,pid,amount) values(47,70,4,376,10);
insert into listing(lid,uid,oid,pid,amount) values(48,70,4,309,2);
insert into listing(lid,uid,oid,pid,amount) values(49,70,4,6,8);
insert into listing(lid,uid,oid,pid,amount) values(50,70,4,282,1);
insert into listing(lid,uid,oid,pid,amount) values(51,70,4,44,10);
insert into listing(lid,uid,oid,pid,amount) values(52,70,4,417,7);
insert into listing(lid,uid,oid,pid,amount) values(53,70,4,110,8);
insert into listing(lid,uid,oid,pid,amount) values(54,70,4,30,10);
insert into listing(lid,uid,oid,pid,amount) values(55,70,4,105,8);
insert into listing(lid,uid,oid,pid,amount) values(56,70,4,303,5);
insert into review(rid,oid,uid,score,detail,date,del) values(33,4,75,0,'测试用数据:评论33','2023-10-20 00:00:00',0);
insert into review(rid,oid,uid,score,detail,date,del) values(34,4,75,0,'测试用数据:评论34','2023-10-20 00:00:00',0);
insert into review(rid,oid,uid,score,detail,date,del) values(35,4,75,4,'测试用数据:评论35','2023-10-20 00:00:00',0);
insert into review(rid,oid,uid,score,detail,date,del) values(36,4,75,5,'测试用数据:评论36','2023-10-20 00:00:00',0);
insert into review(rid,oid,uid,score,detail,date,del) values(37,4,75,1,'测试用数据:评论37','2023-10-20 00:00:00',0);
insert into review(rid,oid,uid,score,detail,date,del) values(38,4,75,4,'测试用数据:评论38','2023-10-20 00:00:00',0);
insert into review(rid,oid,uid,score,detail,date,del) values(39,4,75,5,'测试用数据:评论39','2023-10-20 00:00:00',0);
insert into review(rid,oid,uid,score,detail,date,del) values(40,4,75,0,'测试用数据:评论40','2023-10-20 00:00:00',0);
insert into review(rid,oid,uid,score,detail,date,del) values(41,4,75,3,'测试用数据:评论41','2023-10-20 00:00:00',0);
insert into review(rid,oid,uid,score,detail,date,del) values(42,4,75,2,'测试用数据:评论42','2023-10-20 00:00:00',0);
insert into review(rid,oid,uid,score,detail,date,del) values(43,4,75,3,'测试用数据:评论43','2023-10-20 00:00:00',0);
insert into _order(oid,state,bid,sid,did,tid,date,info,del) values(5,0,34,63,null,8560341728,'2023-10-20 00:00:00','测试用数据',0);
insert into listing(lid,uid,oid,pid,amount) values(57,70,5,27,7);
insert into listing(lid,uid,oid,pid,amount) values(58,70,5,73,1);
insert into listing(lid,uid,oid,pid,amount) values(59,70,5,483,10);
insert into listing(lid,uid,oid,pid,amount) values(60,70,5,22,8);
insert into listing(lid,uid,oid,pid,amount) values(61,70,5,416,4);
insert into listing(lid,uid,oid,pid,amount) values(62,70,5,253,3);
insert into listing(lid,uid,oid,pid,amount) values(63,70,5,42,5);
insert into listing(lid,uid,oid,pid,amount) values(64,70,5,214,10);
insert into review(rid,oid,uid,score,detail,date,del) values(44,5,63,4,'测试用数据:评论44','2023-10-20 00:00:00',0);
insert into review(rid,oid,uid,score,detail,date,del) values(45,5,63,1,'测试用数据:评论45','2023-10-20 00:00:00',0);
insert into review(rid,oid,uid,score,detail,date,del) values(46,5,63,3,'测试用数据:评论46','2023-10-20 00:00:00',0);
insert into review(rid,oid,uid,score,detail,date,del) values(47,5,63,0,'测试用数据:评论47','2023-10-20 00:00:00',0);
insert into review(rid,oid,uid,score,detail,date,del) values(48,5,63,0,'测试用数据:评论48','2023-10-20 00:00:00',0);
insert into review(rid,oid,uid,score,detail,date,del) values(49,5,63,5,'测试用数据:评论49','2023-10-20 00:00:00',0);
insert into review(rid,oid,uid,score,detail,date,del) values(50,5,63,4,'测试用数据:评论50','2023-10-20 00:00:00',0);
insert into review(rid,oid,uid,score,detail,date,del) values(51,5,63,4,'测试用数据:评论51','2023-10-20 00:00:00',0);
insert into review(rid,oid,uid,score,detail,date,del) values(52,5,63,5,'测试用数据:评论52','2023-10-20 00:00:00',0);
insert into review(rid,oid,uid,score,detail,date,del) values(53,5,63,2,'测试用数据:评论53','2023-10-20 00:00:00',0);
insert into _order(oid,state,bid,sid,did,tid,date,info,del) values(6,1,24,57,null,2784218738,'2023-10-20 00:00:00','测试用数据',0);
insert into listing(lid,uid,oid,pid,amount) values(65,70,6,425,8);
insert into listing(lid,uid,oid,pid,amount) values(66,70,6,21,9);
insert into listing(lid,uid,oid,pid,amount) values(67,70,6,18,6);
insert into listing(lid,uid,oid,pid,amount) values(68,70,6,412,5);
insert into listing(lid,uid,oid,pid,amount) values(69,70,6,148,5);
insert into listing(lid,uid,oid,pid,amount) values(70,70,6,304,5);
insert into listing(lid,uid,oid,pid,amount) values(71,70,6,493,6);
insert into listing(lid,uid,oid,pid,amount) values(72,70,6,147,3);
insert into listing(lid,uid,oid,pid,amount) values(73,70,6,159,1);
insert into listing(lid,uid,oid,pid,amount) values(74,70,6,261,6);
insert into listing(lid,uid,oid,pid,amount) values(75,70,6,189,5);
insert into listing(lid,uid,oid,pid,amount) values(76,70,6,422,3);
insert into listing(lid,uid,oid,pid,amount) values(77,70,6,486,3);
insert into listing(lid,uid,oid,pid,amount) values(78,70,6,236,4);
insert into listing(lid,uid,oid,pid,amount) values(79,70,6,250,10);
insert into review(rid,oid,uid,score,detail,date,del) values(54,6,57,4,'测试用数据:评论54','2023-10-20 00:00:00',0);
insert into review(rid,oid,uid,score,detail,date,del) values(55,6,57,2,'测试用数据:评论55','2023-10-20 00:00:00',0);
insert into review(rid,oid,uid,score,detail,date,del) values(56,6,57,0,'测试用数据:评论56','2023-10-20 00:00:00',0);
insert into review(rid,oid,uid,score,detail,date,del) values(57,6,57,2,'测试用数据:评论57','2023-10-20 00:00:00',0);
insert into review(rid,oid,uid,score,detail,date,del) values(58,6,57,1,'测试用数据:评论58','2023-10-20 00:00:00',0);
insert into review(rid,oid,uid,score,detail,date,del) values(59,6,57,4,'测试用数据:评论59','2023-10-20 00:00:00',0);
insert into review(rid,oid,uid,score,detail,date,del) values(60,6,57,3,'测试用数据:评论60','2023-10-20 00:00:00',0);
insert into review(rid,oid,uid,score,detail,date,del) values(61,6,57,3,'测试用数据:评论61','2023-10-20 00:00:00',0);
insert into review(rid,oid,uid,score,detail,date,del) values(62,6,57,1,'测试用数据:评论62','2023-10-20 00:00:00',0);
insert into review(rid,oid,uid,score,detail,date,del) values(63,6,57,5,'测试用数据:评论63','2023-10-20 00:00:00',0);
insert into review(rid,oid,uid,score,detail,date,del) values(64,6,57,5,'测试用数据:评论64','2023-10-20 00:00:00',0);
insert into review(rid,oid,uid,score,detail,date,del) values(65,6,57,0,'测试用数据:评论65','2023-10-20 00:00:00',0);
insert into _order(oid,state,bid,sid,did,tid,date,info,del) values(7,1,11,71,null,5836779594,'2023-10-20 00:00:00','测试用数据',0);
insert into listing(lid,uid,oid,pid,amount) values(80,70,7,399,7);
insert into listing(lid,uid,oid,pid,amount) values(81,70,7,444,10);
insert into listing(lid,uid,oid,pid,amount) values(82,70,7,231,6);
insert into listing(lid,uid,oid,pid,amount) values(83,70,7,164,9);
insert into listing(lid,uid,oid,pid,amount) values(84,70,7,276,8);
insert into listing(lid,uid,oid,pid,amount) values(85,70,7,128,5);
insert into listing(lid,uid,oid,pid,amount) values(86,70,7,497,10);
insert into listing(lid,uid,oid,pid,amount) values(87,70,7,186,2);
insert into listing(lid,uid,oid,pid,amount) values(88,70,7,174,8);
insert into listing(lid,uid,oid,pid,amount) values(89,70,7,372,6);
insert into listing(lid,uid,oid,pid,amount) values(90,70,7,104,10);
insert into listing(lid,uid,oid,pid,amount) values(91,70,7,59,10);
insert into listing(lid,uid,oid,pid,amount) values(92,70,7,447,4);
insert into listing(lid,uid,oid,pid,amount) values(93,70,7,438,10);
insert into review(rid,oid,uid,score,detail,date,del) values(66,7,71,4,'测试用数据:评论66','2023-10-20 00:00:00',0);
insert into review(rid,oid,uid,score,detail,date,del) values(67,7,71,2,'测试用数据:评论67','2023-10-20 00:00:00',0);
insert into review(rid,oid,uid,score,detail,date,del) values(68,7,71,4,'测试用数据:评论68','2023-10-20 00:00:00',0);
insert into review(rid,oid,uid,score,detail,date,del) values(69,7,71,5,'测试用数据:评论69','2023-10-20 00:00:00',0);
insert into review(rid,oid,uid,score,detail,date,del) values(70,7,71,0,'测试用数据:评论70','2023-10-20 00:00:00',0);
insert into review(rid,oid,uid,score,detail,date,del) values(71,7,71,2,'测试用数据:评论71','2023-10-20 00:00:00',0);
insert into review(rid,oid,uid,score,detail,date,del) values(72,7,71,5,'测试用数据:评论72','2023-10-20 00:00:00',0);
insert into review(rid,oid,uid,score,detail,date,del) values(73,7,71,5,'测试用数据:评论73','2023-10-20 00:00:00',0);
insert into review(rid,oid,uid,score,detail,date,del) values(74,7,71,4,'测试用数据:评论74','2023-10-20 00:00:00',0);
insert into review(rid,oid,uid,score,detail,date,del) values(75,7,71,3,'测试用数据:评论75','2023-10-20 00:00:00',0);
insert into review(rid,oid,uid,score,detail,date,del) values(76,7,71,4,'测试用数据:评论76','2023-10-20 00:00:00',0);
insert into review(rid,oid,uid,score,detail,date,del) values(77,7,71,1,'测试用数据:评论77','2023-10-20 00:00:00',0);
insert into review(rid,oid,uid,score,detail,date,del) values(78,7,71,2,'测试用数据:评论78','2023-10-20 00:00:00',0);
insert into _order(oid,state,bid,sid,did,tid,date,info,del) values(8,3,19,51,83,6454302246,'2023-10-20 00:00:00','测试用数据',0);
insert into listing(lid,uid,oid,pid,amount) values(94,70,8,178,4);
insert into listing(lid,uid,oid,pid,amount) values(95,70,8,156,7);
insert into listing(lid,uid,oid,pid,amount) values(96,70,8,461,9);
insert into listing(lid,uid,oid,pid,amount) values(97,70,8,158,4);
insert into listing(lid,uid,oid,pid,amount) values(98,70,8,420,3);
insert into listing(lid,uid,oid,pid,amount) values(99,70,8,166,6);
insert into listing(lid,uid,oid,pid,amount) values(100,70,8,268,3);
insert into listing(lid,uid,oid,pid,amount) values(101,70,8,230,9);
insert into listing(lid,uid,oid,pid,amount) values(102,70,8,388,1);
insert into listing(lid,uid,oid,pid,amount) values(103,70,8,32,8);
insert into listing(lid,uid,oid,pid,amount) values(104,70,8,149,4);
insert into listing(lid,uid,oid,pid,amount) values(105,70,8,474,4);
insert into listing(lid,uid,oid,pid,amount) values(106,70,8,355,10);
insert into listing(lid,uid,oid,pid,amount) values(107,70,8,72,3);
insert into listing(lid,uid,oid,pid,amount) values(108,70,8,34,1);
insert into review(rid,oid,uid,score,detail,date,del) values(79,8,51,4,'测试用数据:评论79','2023-10-20 00:00:00',0);
insert into review(rid,oid,uid,score,detail,date,del) values(80,8,51,4,'测试用数据:评论80','2023-10-20 00:00:00',0);
insert into review(rid,oid,uid,score,detail,date,del) values(81,8,51,3,'测试用数据:评论81','2023-10-20 00:00:00',0);
insert into review(rid,oid,uid,score,detail,date,del) values(82,8,51,3,'测试用数据:评论82','2023-10-20 00:00:00',0);
insert into review(rid,oid,uid,score,detail,date,del) values(83,8,51,0,'测试用数据:评论83','2023-10-20 00:00:00',0);
insert into review(rid,oid,uid,score,detail,date,del) values(84,8,51,3,'测试用数据:评论84','2023-10-20 00:00:00',0);
insert into review(rid,oid,uid,score,detail,date,del) values(85,8,51,1,'测试用数据:评论85','2023-10-20 00:00:00',0);
insert into review(rid,oid,uid,score,detail,date,del) values(86,8,51,1,'测试用数据:评论86','2023-10-20 00:00:00',0);
insert into review(rid,oid,uid,score,detail,date,del) values(87,8,51,3,'测试用数据:评论87','2023-10-20 00:00:00',0);
insert into review(rid,oid,uid,score,detail,date,del) values(88,8,51,3,'测试用数据:评论88','2023-10-20 00:00:00',0);
insert into review(rid,oid,uid,score,detail,date,del) values(89,8,51,4,'测试用数据:评论89','2023-10-20 00:00:00',0);
insert into review(rid,oid,uid,score,detail,date,del) values(90,8,51,5,'测试用数据:评论90','2023-10-20 00:00:00',0);
insert into review(rid,oid,uid,score,detail,date,del) values(91,8,51,2,'测试用数据:评论91','2023-10-20 00:00:00',0);
insert into review(rid,oid,uid,score,detail,date,del) values(92,8,51,4,'测试用数据:评论92','2023-10-20 00:00:00',0);
insert into _order(oid,state,bid,sid,did,tid,date,info,del) values(9,1,34,74,null,8726538596,'2023-10-20 00:00:00','测试用数据',0);
insert into listing(lid,uid,oid,pid,amount) values(109,70,9,197,6);
insert into listing(lid,uid,oid,pid,amount) values(110,70,9,403,1);
insert into listing(lid,uid,oid,pid,amount) values(111,70,9,446,2);
insert into listing(lid,uid,oid,pid,amount) values(112,70,9,341,3);
insert into listing(lid,uid,oid,pid,amount) values(113,70,9,325,5);
insert into listing(lid,uid,oid,pid,amount) values(114,70,9,132,5);
insert into listing(lid,uid,oid,pid,amount) values(115,70,9,400,9);
insert into listing(lid,uid,oid,pid,amount) values(116,70,9,287,4);
insert into listing(lid,uid,oid,pid,amount) values(117,70,9,67,9);
insert into listing(lid,uid,oid,pid,amount) values(118,70,9,176,1);
insert into listing(lid,uid,oid,pid,amount) values(119,70,9,203,1);
insert into listing(lid,uid,oid,pid,amount) values(120,70,9,426,6);
insert into listing(lid,uid,oid,pid,amount) values(121,70,9,396,8);
insert into listing(lid,uid,oid,pid,amount) values(122,70,9,77,10);
insert into listing(lid,uid,oid,pid,amount) values(123,70,9,402,5);
insert into listing(lid,uid,oid,pid,amount) values(124,70,9,102,10);
insert into listing(lid,uid,oid,pid,amount) values(125,70,9,37,4);
insert into listing(lid,uid,oid,pid,amount) values(126,70,9,126,2);
insert into listing(lid,uid,oid,pid,amount) values(127,70,9,335,9);
insert into listing(lid,uid,oid,pid,amount) values(128,70,9,96,4);
insert into listing(lid,uid,oid,pid,amount) values(129,70,9,345,2);
insert into review(rid,oid,uid,score,detail,date,del) values(93,9,74,1,'测试用数据:评论93','2023-10-20 00:00:00',0);
insert into review(rid,oid,uid,score,detail,date,del) values(94,9,74,1,'测试用数据:评论94','2023-10-20 00:00:00',0);
insert into review(rid,oid,uid,score,detail,date,del) values(95,9,74,4,'测试用数据:评论95','2023-10-20 00:00:00',0);
insert into review(rid,oid,uid,score,detail,date,del) values(96,9,74,0,'测试用数据:评论96','2023-10-20 00:00:00',0);
insert into review(rid,oid,uid,score,detail,date,del) values(97,9,74,1,'测试用数据:评论97','2023-10-20 00:00:00',0);
insert into review(rid,oid,uid,score,detail,date,del) values(98,9,74,4,'测试用数据:评论98','2023-10-20 00:00:00',0);
insert into review(rid,oid,uid,score,detail,date,del) values(99,9,74,1,'测试用数据:评论99','2023-10-20 00:00:00',0);
insert into review(rid,oid,uid,score,detail,date,del) values(100,9,74,1,'测试用数据:评论100','2023-10-20 00:00:00',0);
insert into review(rid,oid,uid,score,detail,date,del) values(101,9,74,5,'测试用数据:评论101','2023-10-20 00:00:00',0);
insert into _order(oid,state,bid,sid,did,tid,date,info,del) values(10,5,44,62,null,5246681019,'2023-10-20 00:00:00','测试用数据',0);
insert into listing(lid,uid,oid,pid,amount) values(130,70,10,397,4);
insert into listing(lid,uid,oid,pid,amount) values(131,70,10,15,5);
insert into listing(lid,uid,oid,pid,amount) values(132,70,10,464,3);
insert into listing(lid,uid,oid,pid,amount) values(133,70,10,451,6);
insert into listing(lid,uid,oid,pid,amount) values(134,70,10,54,3);
insert into listing(lid,uid,oid,pid,amount) values(135,70,10,439,10);
insert into listing(lid,uid,oid,pid,amount) values(136,70,10,476,1);
insert into listing(lid,uid,oid,pid,amount) values(137,70,10,414,5);
insert into listing(lid,uid,oid,pid,amount) values(138,70,10,481,9);
insert into listing(lid,uid,oid,pid,amount) values(139,70,10,98,6);
insert into listing(lid,uid,oid,pid,amount) values(140,70,10,122,10);
insert into listing(lid,uid,oid,pid,amount) values(141,70,10,136,10);
insert into listing(lid,uid,oid,pid,amount) values(142,70,10,40,9);
insert into listing(lid,uid,oid,pid,amount) values(143,70,10,48,8);
insert into listing(lid,uid,oid,pid,amount) values(144,70,10,66,8);
insert into listing(lid,uid,oid,pid,amount) values(145,70,10,39,10);
insert into listing(lid,uid,oid,pid,amount) values(146,70,10,139,10);
insert into listing(lid,uid,oid,pid,amount) values(147,70,10,79,10);
insert into review(rid,oid,uid,score,detail,date,del) values(102,10,62,5,'测试用数据:评论102','2023-10-20 00:00:00',0);
insert into review(rid,oid,uid,score,detail,date,del) values(103,10,62,2,'测试用数据:评论103','2023-10-20 00:00:00',0);
insert into review(rid,oid,uid,score,detail,date,del) values(104,10,62,2,'测试用数据:评论104','2023-10-20 00:00:00',0);
insert into review(rid,oid,uid,score,detail,date,del) values(105,10,62,5,'测试用数据:评论105','2023-10-20 00:00:00',0);
insert into review(rid,oid,uid,score,detail,date,del) values(106,10,62,5,'测试用数据:评论106','2023-10-20 00:00:00',0);
insert into review(rid,oid,uid,score,detail,date,del) values(107,10,62,1,'测试用数据:评论107','2023-10-20 00:00:00',0);
insert into review(rid,oid,uid,score,detail,date,del) values(108,10,62,2,'测试用数据:评论108','2023-10-20 00:00:00',0);
insert into _order(oid,state,bid,sid,did,tid,date,info,del) values(11,0,21,73,null,3959186678,'2023-10-20 00:00:00','测试用数据',0);
insert into listing(lid,uid,oid,pid,amount) values(148,70,11,441,7);
insert into review(rid,oid,uid,score,detail,date,del) values(109,11,73,0,'测试用数据:评论109','2023-10-20 00:00:00',0);
insert into review(rid,oid,uid,score,detail,date,del) values(110,11,73,2,'测试用数据:评论110','2023-10-20 00:00:00',0);
insert into review(rid,oid,uid,score,detail,date,del) values(111,11,73,3,'测试用数据:评论111','2023-10-20 00:00:00',0);
insert into review(rid,oid,uid,score,detail,date,del) values(112,11,73,5,'测试用数据:评论112','2023-10-20 00:00:00',0);
insert into review(rid,oid,uid,score,detail,date,del) values(113,11,73,2,'测试用数据:评论113','2023-10-20 00:00:00',0);
insert into review(rid,oid,uid,score,detail,date,del) values(114,11,73,3,'测试用数据:评论114','2023-10-20 00:00:00',0);
insert into review(rid,oid,uid,score,detail,date,del) values(115,11,73,2,'测试用数据:评论115','2023-10-20 00:00:00',0);
insert into review(rid,oid,uid,score,detail,date,del) values(116,11,73,3,'测试用数据:评论116','2023-10-20 00:00:00',0);
insert into _order(oid,state,bid,sid,did,tid,date,info,del) values(12,0,37,59,null,9747678839,'2023-10-20 00:00:00','测试用数据',0);
insert into listing(lid,uid,oid,pid,amount) values(149,70,12,157,6);
insert into review(rid,oid,uid,score,detail,date,del) values(117,12,59,4,'测试用数据:评论117','2023-10-20 00:00:00',0);
insert into review(rid,oid,uid,score,detail,date,del) values(118,12,59,4,'测试用数据:评论118','2023-10-20 00:00:00',0);
insert into review(rid,oid,uid,score,detail,date,del) values(119,12,59,5,'测试用数据:评论119','2023-10-20 00:00:00',0);
insert into review(rid,oid,uid,score,detail,date,del) values(120,12,59,0,'测试用数据:评论120','2023-10-20 00:00:00',0);
insert into review(rid,oid,uid,score,detail,date,del) values(121,12,59,0,'测试用数据:评论121','2023-10-20 00:00:00',0);
insert into review(rid,oid,uid,score,detail,date,del) values(122,12,59,0,'测试用数据:评论122','2023-10-20 00:00:00',0);
insert into review(rid,oid,uid,score,detail,date,del) values(123,12,59,1,'测试用数据:评论123','2023-10-20 00:00:00',0);
insert into review(rid,oid,uid,score,detail,date,del) values(124,12,59,0,'测试用数据:评论124','2023-10-20 00:00:00',0);
insert into review(rid,oid,uid,score,detail,date,del) values(125,12,59,4,'测试用数据:评论125','2023-10-20 00:00:00',0);
insert into review(rid,oid,uid,score,detail,date,del) values(126,12,59,4,'测试用数据:评论126','2023-10-20 00:00:00',0);
insert into _order(oid,state,bid,sid,did,tid,date,info,del) values(13,3,45,70,98,3228742283,'2023-10-20 00:00:00','测试用数据',0);
insert into listing(lid,uid,oid,pid,amount) values(150,70,13,100,10);
insert into listing(lid,uid,oid,pid,amount) values(151,70,13,204,5);
insert into listing(lid,uid,oid,pid,amount) values(152,70,13,418,1);
insert into listing(lid,uid,oid,pid,amount) values(153,70,13,161,8);
insert into review(rid,oid,uid,score,detail,date,del) values(127,13,70,0,'测试用数据:评论127','2023-10-20 00:00:00',0);
insert into review(rid,oid,uid,score,detail,date,del) values(128,13,70,2,'测试用数据:评论128','2023-10-20 00:00:00',0);
insert into review(rid,oid,uid,score,detail,date,del) values(129,13,70,2,'测试用数据:评论129','2023-10-20 00:00:00',0);
insert into review(rid,oid,uid,score,detail,date,del) values(130,13,70,1,'测试用数据:评论130','2023-10-20 00:00:00',0);
insert into review(rid,oid,uid,score,detail,date,del) values(131,13,70,4,'测试用数据:评论131','2023-10-20 00:00:00',0);
insert into review(rid,oid,uid,score,detail,date,del) values(132,13,70,5,'测试用数据:评论132','2023-10-20 00:00:00',0);
insert into review(rid,oid,uid,score,detail,date,del) values(133,13,70,0,'测试用数据:评论133','2023-10-20 00:00:00',0);
insert into review(rid,oid,uid,score,detail,date,del) values(134,13,70,2,'测试用数据:评论134','2023-10-20 00:00:00',0);
insert into review(rid,oid,uid,score,detail,date,del) values(135,13,70,2,'测试用数据:评论135','2023-10-20 00:00:00',0);
insert into _order(oid,state,bid,sid,did,tid,date,info,del) values(14,5,22,52,null,8250917655,'2023-10-20 00:00:00','测试用数据',0);
insert into listing(lid,uid,oid,pid,amount) values(154,70,14,434,9);
insert into listing(lid,uid,oid,pid,amount) values(155,70,14,316,10);
insert into listing(lid,uid,oid,pid,amount) values(156,70,14,91,10);
insert into listing(lid,uid,oid,pid,amount) values(157,70,14,472,6);
insert into listing(lid,uid,oid,pid,amount) values(158,70,14,266,3);
insert into listing(lid,uid,oid,pid,amount) values(159,70,14,109,9);
insert into listing(lid,uid,oid,pid,amount) values(160,70,14,262,10);
insert into listing(lid,uid,oid,pid,amount) values(161,70,14,353,8);
insert into listing(lid,uid,oid,pid,amount) values(162,70,14,322,7);
insert into listing(lid,uid,oid,pid,amount) values(163,70,14,180,10);
insert into listing(lid,uid,oid,pid,amount) values(164,70,14,312,4);
insert into listing(lid,uid,oid,pid,amount) values(165,70,14,298,4);
insert into listing(lid,uid,oid,pid,amount) values(166,70,14,150,4);
insert into listing(lid,uid,oid,pid,amount) values(167,70,14,52,1);
insert into listing(lid,uid,oid,pid,amount) values(168,70,14,117,8);
insert into review(rid,oid,uid,score,detail,date,del) values(136,14,52,0,'测试用数据:评论136','2023-10-20 00:00:00',0);
insert into review(rid,oid,uid,score,detail,date,del) values(137,14,52,5,'测试用数据:评论137','2023-10-20 00:00:00',0);
insert into review(rid,oid,uid,score,detail,date,del) values(138,14,52,4,'测试用数据:评论138','2023-10-20 00:00:00',0);
insert into review(rid,oid,uid,score,detail,date,del) values(139,14,52,3,'测试用数据:评论139','2023-10-20 00:00:00',0);
insert into review(rid,oid,uid,score,detail,date,del) values(140,14,52,3,'测试用数据:评论140','2023-10-20 00:00:00',0);
insert into review(rid,oid,uid,score,detail,date,del) values(141,14,52,3,'测试用数据:评论141','2023-10-20 00:00:00',0);
insert into review(rid,oid,uid,score,detail,date,del) values(142,14,52,2,'测试用数据:评论142','2023-10-20 00:00:00',0);
insert into review(rid,oid,uid,score,detail,date,del) values(143,14,52,5,'测试用数据:评论143','2023-10-20 00:00:00',0);
insert into review(rid,oid,uid,score,detail,date,del) values(144,14,52,0,'测试用数据:评论144','2023-10-20 00:00:00',0);
insert into review(rid,oid,uid,score,detail,date,del) values(145,14,52,1,'测试用数据:评论145','2023-10-20 00:00:00',0);
insert into review(rid,oid,uid,score,detail,date,del) values(146,14,52,1,'测试用数据:评论146','2023-10-20 00:00:00',0);
insert into review(rid,oid,uid,score,detail,date,del) values(147,14,52,1,'测试用数据:评论147','2023-10-20 00:00:00',0);
insert into _order(oid,state,bid,sid,did,tid,date,info,del) values(15,3,20,54,83,4576312702,'2023-10-20 00:00:00','测试用数据',0);
insert into listing(lid,uid,oid,pid,amount) values(169,70,15,432,2);
insert into listing(lid,uid,oid,pid,amount) values(170,70,15,120,4);
insert into listing(lid,uid,oid,pid,amount) values(171,70,15,99,1);
insert into listing(lid,uid,oid,pid,amount) values(172,70,15,215,10);
insert into listing(lid,uid,oid,pid,amount) values(173,70,15,363,8);
insert into listing(lid,uid,oid,pid,amount) values(174,70,15,367,10);
insert into listing(lid,uid,oid,pid,amount) values(175,70,15,135,2);
insert into listing(lid,uid,oid,pid,amount) values(176,70,15,111,1);
insert into listing(lid,uid,oid,pid,amount) values(177,70,15,469,7);
insert into listing(lid,uid,oid,pid,amount) values(178,70,15,129,4);
insert into review(rid,oid,uid,score,detail,date,del) values(148,15,54,1,'测试用数据:评论148','2023-10-20 00:00:00',0);
insert into review(rid,oid,uid,score,detail,date,del) values(149,15,54,5,'测试用数据:评论149','2023-10-20 00:00:00',0);
insert into review(rid,oid,uid,score,detail,date,del) values(150,15,54,5,'测试用数据:评论150','2023-10-20 00:00:00',0);
insert into review(rid,oid,uid,score,detail,date,del) values(151,15,54,4,'测试用数据:评论151','2023-10-20 00:00:00',0);
insert into review(rid,oid,uid,score,detail,date,del) values(152,15,54,3,'测试用数据:评论152','2023-10-20 00:00:00',0);
insert into review(rid,oid,uid,score,detail,date,del) values(153,15,54,2,'测试用数据:评论153','2023-10-20 00:00:00',0);
insert into review(rid,oid,uid,score,detail,date,del) values(154,15,54,5,'测试用数据:评论154','2023-10-20 00:00:00',0);
insert into review(rid,oid,uid,score,detail,date,del) values(155,15,54,2,'测试用数据:评论155','2023-10-20 00:00:00',0);
insert into review(rid,oid,uid,score,detail,date,del) values(156,15,54,0,'测试用数据:评论156','2023-10-20 00:00:00',0);
insert into review(rid,oid,uid,score,detail,date,del) values(157,15,54,0,'测试用数据:评论157','2023-10-20 00:00:00',0);
insert into review(rid,oid,uid,score,detail,date,del) values(158,15,54,1,'测试用数据:评论158','2023-10-20 00:00:00',0);
insert into review(rid,oid,uid,score,detail,date,del) values(159,15,54,5,'测试用数据:评论159','2023-10-20 00:00:00',0);
insert into review(rid,oid,uid,score,detail,date,del) values(160,15,54,0,'测试用数据:评论160','2023-10-20 00:00:00',0);
insert into review(rid,oid,uid,score,detail,date,del) values(161,15,54,3,'测试用数据:评论161','2023-10-20 00:00:00',0);
insert into review(rid,oid,uid,score,detail,date,del) values(162,15,54,5,'测试用数据:评论162','2023-10-20 00:00:00',0);
insert into _order(oid,state,bid,sid,did,tid,date,info,del) values(16,5,48,66,null,4370641793,'2023-10-20 00:00:00','测试用数据',0);
insert into listing(lid,uid,oid,pid,amount) values(179,70,16,144,2);
insert into listing(lid,uid,oid,pid,amount) values(180,70,16,292,2);
insert into listing(lid,uid,oid,pid,amount) values(181,70,16,245,1);
insert into listing(lid,uid,oid,pid,amount) values(182,70,16,241,10);
insert into listing(lid,uid,oid,pid,amount) values(183,70,16,107,10);
insert into listing(lid,uid,oid,pid,amount) values(184,70,16,194,10);
insert into listing(lid,uid,oid,pid,amount) values(185,70,16,85,4);
insert into review(rid,oid,uid,score,detail,date,del) values(163,16,66,4,'测试用数据:评论163','2023-10-20 00:00:00',0);
insert into review(rid,oid,uid,score,detail,date,del) values(164,16,66,2,'测试用数据:评论164','2023-10-20 00:00:00',0);
insert into review(rid,oid,uid,score,detail,date,del) values(165,16,66,2,'测试用数据:评论165','2023-10-20 00:00:00',0);
insert into review(rid,oid,uid,score,detail,date,del) values(166,16,66,1,'测试用数据:评论166','2023-10-20 00:00:00',0);
insert into review(rid,oid,uid,score,detail,date,del) values(167,16,66,4,'测试用数据:评论167','2023-10-20 00:00:00',0);
insert into review(rid,oid,uid,score,detail,date,del) values(168,16,66,5,'测试用数据:评论168','2023-10-20 00:00:00',0);
insert into _order(oid,state,bid,sid,did,tid,date,info,del) values(17,0,49,66,null,9979917152,'2023-10-20 00:00:00','测试用数据',0);
insert into listing(lid,uid,oid,pid,amount) values(186,70,17,144,4);
insert into listing(lid,uid,oid,pid,amount) values(187,70,17,332,5);
insert into review(rid,oid,uid,score,detail,date,del) values(169,17,66,5,'测试用数据:评论169','2023-10-20 00:00:00',0);
insert into review(rid,oid,uid,score,detail,date,del) values(170,17,66,4,'测试用数据:评论170','2023-10-20 00:00:00',0);
insert into review(rid,oid,uid,score,detail,date,del) values(171,17,66,2,'测试用数据:评论171','2023-10-20 00:00:00',0);
insert into review(rid,oid,uid,score,detail,date,del) values(172,17,66,5,'测试用数据:评论172','2023-10-20 00:00:00',0);
insert into review(rid,oid,uid,score,detail,date,del) values(173,17,66,0,'测试用数据:评论173','2023-10-20 00:00:00',0);
insert into review(rid,oid,uid,score,detail,date,del) values(174,17,66,3,'测试用数据:评论174','2023-10-20 00:00:00',0);
insert into review(rid,oid,uid,score,detail,date,del) values(175,17,66,4,'测试用数据:评论175','2023-10-20 00:00:00',0);
insert into review(rid,oid,uid,score,detail,date,del) values(176,17,66,5,'测试用数据:评论176','2023-10-20 00:00:00',0);
insert into review(rid,oid,uid,score,detail,date,del) values(177,17,66,2,'测试用数据:评论177','2023-10-20 00:00:00',0);
insert into review(rid,oid,uid,score,detail,date,del) values(178,17,66,5,'测试用数据:评论178','2023-10-20 00:00:00',0);
insert into review(rid,oid,uid,score,detail,date,del) values(179,17,66,4,'测试用数据:评论179','2023-10-20 00:00:00',0);
insert into _order(oid,state,bid,sid,did,tid,date,info,del) values(18,2,31,61,null,5784962634,'2023-10-20 00:00:00','测试用数据',0);
insert into listing(lid,uid,oid,pid,amount) values(188,70,18,488,6);
insert into review(rid,oid,uid,score,detail,date,del) values(180,18,61,5,'测试用数据:评论180','2023-10-20 00:00:00',0);
insert into review(rid,oid,uid,score,detail,date,del) values(181,18,61,0,'测试用数据:评论181','2023-10-20 00:00:00',0);
insert into review(rid,oid,uid,score,detail,date,del) values(182,18,61,1,'测试用数据:评论182','2023-10-20 00:00:00',0);
insert into review(rid,oid,uid,score,detail,date,del) values(183,18,61,5,'测试用数据:评论183','2023-10-20 00:00:00',0);
insert into review(rid,oid,uid,score,detail,date,del) values(184,18,61,0,'测试用数据:评论184','2023-10-20 00:00:00',0);
insert into review(rid,oid,uid,score,detail,date,del) values(185,18,61,4,'测试用数据:评论185','2023-10-20 00:00:00',0);
insert into review(rid,oid,uid,score,detail,date,del) values(186,18,61,2,'测试用数据:评论186','2023-10-20 00:00:00',0);
insert into review(rid,oid,uid,score,detail,date,del) values(187,18,61,2,'测试用数据:评论187','2023-10-20 00:00:00',0);
insert into _order(oid,state,bid,sid,did,tid,date,info,del) values(19,1,2,55,null,1558345792,'2023-10-20 00:00:00','测试用数据',0);
insert into listing(lid,uid,oid,pid,amount) values(189,70,19,344,6);
insert into listing(lid,uid,oid,pid,amount) values(190,70,19,286,7);
insert into listing(lid,uid,oid,pid,amount) values(191,70,19,64,2);
insert into listing(lid,uid,oid,pid,amount) values(192,70,19,206,7);
insert into listing(lid,uid,oid,pid,amount) values(193,70,19,452,1);
insert into listing(lid,uid,oid,pid,amount) values(194,70,19,46,9);
insert into listing(lid,uid,oid,pid,amount) values(195,70,19,381,2);
insert into listing(lid,uid,oid,pid,amount) values(196,70,19,492,6);
insert into listing(lid,uid,oid,pid,amount) values(197,70,19,211,8);
insert into listing(lid,uid,oid,pid,amount) values(198,70,19,484,10);
insert into review(rid,oid,uid,score,detail,date,del) values(188,19,55,3,'测试用数据:评论188','2023-10-20 00:00:00',0);
insert into review(rid,oid,uid,score,detail,date,del) values(189,19,55,3,'测试用数据:评论189','2023-10-20 00:00:00',0);
insert into review(rid,oid,uid,score,detail,date,del) values(190,19,55,0,'测试用数据:评论190','2023-10-20 00:00:00',0);
insert into review(rid,oid,uid,score,detail,date,del) values(191,19,55,5,'测试用数据:评论191','2023-10-20 00:00:00',0);
insert into review(rid,oid,uid,score,detail,date,del) values(192,19,55,4,'测试用数据:评论192','2023-10-20 00:00:00',0);
insert into review(rid,oid,uid,score,detail,date,del) values(193,19,55,3,'测试用数据:评论193','2023-10-20 00:00:00',0);
insert into review(rid,oid,uid,score,detail,date,del) values(194,19,55,1,'测试用数据:评论194','2023-10-20 00:00:00',0);
insert into review(rid,oid,uid,score,detail,date,del) values(195,19,55,3,'测试用数据:评论195','2023-10-20 00:00:00',0);
insert into review(rid,oid,uid,score,detail,date,del) values(196,19,55,2,'测试用数据:评论196','2023-10-20 00:00:00',0);
insert into review(rid,oid,uid,score,detail,date,del) values(197,19,55,3,'测试用数据:评论197','2023-10-20 00:00:00',0);
insert into review(rid,oid,uid,score,detail,date,del) values(198,19,55,1,'测试用数据:评论198','2023-10-20 00:00:00',0);
insert into review(rid,oid,uid,score,detail,date,del) values(199,19,55,5,'测试用数据:评论199','2023-10-20 00:00:00',0);
insert into review(rid,oid,uid,score,detail,date,del) values(200,19,55,5,'测试用数据:评论200','2023-10-20 00:00:00',0);
insert into review(rid,oid,uid,score,detail,date,del) values(201,19,55,5,'测试用数据:评论201','2023-10-20 00:00:00',0);
insert into _order(oid,state,bid,sid,did,tid,date,info,del) values(20,5,35,57,null,9849631306,'2023-10-20 00:00:00','测试用数据',0);
insert into listing(lid,uid,oid,pid,amount) values(199,70,20,422,7);
insert into listing(lid,uid,oid,pid,amount) values(200,70,20,412,10);
insert into listing(lid,uid,oid,pid,amount) values(201,70,20,21,3);
insert into listing(lid,uid,oid,pid,amount) values(202,70,20,189,6);
insert into listing(lid,uid,oid,pid,amount) values(203,70,20,493,4);
insert into listing(lid,uid,oid,pid,amount) values(204,70,20,425,10);
insert into listing(lid,uid,oid,pid,amount) values(205,70,20,423,9);
insert into listing(lid,uid,oid,pid,amount) values(206,70,20,261,8);
insert into listing(lid,uid,oid,pid,amount) values(207,70,20,304,9);
insert into listing(lid,uid,oid,pid,amount) values(208,70,20,373,4);
insert into listing(lid,uid,oid,pid,amount) values(209,70,20,250,7);
insert into listing(lid,uid,oid,pid,amount) values(210,70,20,159,3);
insert into listing(lid,uid,oid,pid,amount) values(211,70,20,236,6);
insert into listing(lid,uid,oid,pid,amount) values(212,70,20,18,6);
insert into listing(lid,uid,oid,pid,amount) values(213,70,20,486,5);
insert into listing(lid,uid,oid,pid,amount) values(214,70,20,147,3);
insert into listing(lid,uid,oid,pid,amount) values(215,70,20,148,1);
insert into review(rid,oid,uid,score,detail,date,del) values(202,20,57,3,'测试用数据:评论202','2023-10-20 00:00:00',0);
insert into review(rid,oid,uid,score,detail,date,del) values(203,20,57,0,'测试用数据:评论203','2023-10-20 00:00:00',0);
insert into review(rid,oid,uid,score,detail,date,del) values(204,20,57,4,'测试用数据:评论204','2023-10-20 00:00:00',0);
insert into review(rid,oid,uid,score,detail,date,del) values(205,20,57,0,'测试用数据:评论205','2023-10-20 00:00:00',0);
insert into review(rid,oid,uid,score,detail,date,del) values(206,20,57,1,'测试用数据:评论206','2023-10-20 00:00:00',0);
insert into review(rid,oid,uid,score,detail,date,del) values(207,20,57,1,'测试用数据:评论207','2023-10-20 00:00:00',0);
insert into review(rid,oid,uid,score,detail,date,del) values(208,20,57,0,'测试用数据:评论208','2023-10-20 00:00:00',0);
insert into review(rid,oid,uid,score,detail,date,del) values(209,20,57,5,'测试用数据:评论209','2023-10-20 00:00:00',0);
insert into review(rid,oid,uid,score,detail,date,del) values(210,20,57,3,'测试用数据:评论210','2023-10-20 00:00:00',0);
insert into review(rid,oid,uid,score,detail,date,del) values(211,20,57,3,'测试用数据:评论211','2023-10-20 00:00:00',0);
insert into review(rid,oid,uid,score,detail,date,del) values(212,20,57,4,'测试用数据:评论212','2023-10-20 00:00:00',0);
insert into review(rid,oid,uid,score,detail,date,del) values(213,20,57,4,'测试用数据:评论213','2023-10-20 00:00:00',0);
insert into review(rid,oid,uid,score,detail,date,del) values(214,20,57,3,'测试用数据:评论214','2023-10-20 00:00:00',0);
insert into review(rid,oid,uid,score,detail,date,del) values(215,20,57,2,'测试用数据:评论215','2023-10-20 00:00:00',0);
insert into _order(oid,state,bid,sid,did,tid,date,info,del) values(21,5,31,61,null,8365625581,'2023-10-20 00:00:00','测试用数据',0);
insert into listing(lid,uid,oid,pid,amount) values(216,70,21,338,6);
insert into listing(lid,uid,oid,pid,amount) values(217,70,21,435,6);
insert into review(rid,oid,uid,score,detail,date,del) values(216,21,61,0,'测试用数据:评论216','2023-10-20 00:00:00',0);
insert into review(rid,oid,uid,score,detail,date,del) values(217,21,61,5,'测试用数据:评论217','2023-10-20 00:00:00',0);
insert into review(rid,oid,uid,score,detail,date,del) values(218,21,61,0,'测试用数据:评论218','2023-10-20 00:00:00',0);
insert into review(rid,oid,uid,score,detail,date,del) values(219,21,61,3,'测试用数据:评论219','2023-10-20 00:00:00',0);
insert into review(rid,oid,uid,score,detail,date,del) values(220,21,61,3,'测试用数据:评论220','2023-10-20 00:00:00',0);
insert into review(rid,oid,uid,score,detail,date,del) values(221,21,61,2,'测试用数据:评论221','2023-10-20 00:00:00',0);
insert into review(rid,oid,uid,score,detail,date,del) values(222,21,61,0,'测试用数据:评论222','2023-10-20 00:00:00',0);
insert into review(rid,oid,uid,score,detail,date,del) values(223,21,61,5,'测试用数据:评论223','2023-10-20 00:00:00',0);
insert into review(rid,oid,uid,score,detail,date,del) values(224,21,61,0,'测试用数据:评论224','2023-10-20 00:00:00',0);
insert into review(rid,oid,uid,score,detail,date,del) values(225,21,61,5,'测试用数据:评论225','2023-10-20 00:00:00',0);
insert into review(rid,oid,uid,score,detail,date,del) values(226,21,61,4,'测试用数据:评论226','2023-10-20 00:00:00',0);
insert into _order(oid,state,bid,sid,did,tid,date,info,del) values(22,1,25,61,null,9948080541,'2023-10-20 00:00:00','测试用数据',0);
insert into listing(lid,uid,oid,pid,amount) values(218,70,22,354,10);
insert into listing(lid,uid,oid,pid,amount) values(219,70,22,375,7);
insert into listing(lid,uid,oid,pid,amount) values(220,70,22,435,2);
insert into listing(lid,uid,oid,pid,amount) values(221,70,22,209,7);
insert into listing(lid,uid,oid,pid,amount) values(222,70,22,448,5);
insert into listing(lid,uid,oid,pid,amount) values(223,70,22,488,5);
insert into listing(lid,uid,oid,pid,amount) values(224,70,22,494,8);
insert into listing(lid,uid,oid,pid,amount) values(225,70,22,338,1);
insert into listing(lid,uid,oid,pid,amount) values(226,70,22,191,1);
insert into listing(lid,uid,oid,pid,amount) values(227,70,22,370,4);
insert into review(rid,oid,uid,score,detail,date,del) values(227,22,61,2,'测试用数据:评论227','2023-10-20 00:00:00',0);
insert into review(rid,oid,uid,score,detail,date,del) values(228,22,61,0,'测试用数据:评论228','2023-10-20 00:00:00',0);
insert into review(rid,oid,uid,score,detail,date,del) values(229,22,61,0,'测试用数据:评论229','2023-10-20 00:00:00',0);
insert into review(rid,oid,uid,score,detail,date,del) values(230,22,61,5,'测试用数据:评论230','2023-10-20 00:00:00',0);
insert into review(rid,oid,uid,score,detail,date,del) values(231,22,61,5,'测试用数据:评论231','2023-10-20 00:00:00',0);
insert into review(rid,oid,uid,score,detail,date,del) values(232,22,61,0,'测试用数据:评论232','2023-10-20 00:00:00',0);
insert into _order(oid,state,bid,sid,did,tid,date,info,del) values(23,0,42,57,null,8340253482,'2023-10-20 00:00:00','测试用数据',0);
insert into listing(lid,uid,oid,pid,amount) values(228,70,23,423,7);
insert into listing(lid,uid,oid,pid,amount) values(229,70,23,261,8);
insert into listing(lid,uid,oid,pid,amount) values(230,70,23,159,6);
insert into listing(lid,uid,oid,pid,amount) values(231,70,23,304,1);
insert into listing(lid,uid,oid,pid,amount) values(232,70,23,250,9);
insert into listing(lid,uid,oid,pid,amount) values(233,70,23,425,10);
insert into review(rid,oid,uid,score,detail,date,del) values(233,23,57,4,'测试用数据:评论233','2023-10-20 00:00:00',0);
insert into review(rid,oid,uid,score,detail,date,del) values(234,23,57,4,'测试用数据:评论234','2023-10-20 00:00:00',0);
insert into review(rid,oid,uid,score,detail,date,del) values(235,23,57,2,'测试用数据:评论235','2023-10-20 00:00:00',0);
insert into review(rid,oid,uid,score,detail,date,del) values(236,23,57,0,'测试用数据:评论236','2023-10-20 00:00:00',0);
insert into review(rid,oid,uid,score,detail,date,del) values(237,23,57,3,'测试用数据:评论237','2023-10-20 00:00:00',0);
insert into review(rid,oid,uid,score,detail,date,del) values(238,23,57,5,'测试用数据:评论238','2023-10-20 00:00:00',0);
insert into review(rid,oid,uid,score,detail,date,del) values(239,23,57,1,'测试用数据:评论239','2023-10-20 00:00:00',0);
insert into review(rid,oid,uid,score,detail,date,del) values(240,23,57,3,'测试用数据:评论240','2023-10-20 00:00:00',0);
insert into review(rid,oid,uid,score,detail,date,del) values(241,23,57,3,'测试用数据:评论241','2023-10-20 00:00:00',0);
insert into _order(oid,state,bid,sid,did,tid,date,info,del) values(24,0,49,75,null,4026769819,'2023-10-20 00:00:00','测试用数据',0);
insert into listing(lid,uid,oid,pid,amount) values(234,70,24,110,5);
insert into listing(lid,uid,oid,pid,amount) values(235,70,24,30,10);
insert into listing(lid,uid,oid,pid,amount) values(236,70,24,44,5);
insert into listing(lid,uid,oid,pid,amount) values(237,70,24,223,5);
insert into listing(lid,uid,oid,pid,amount) values(238,70,24,376,6);
insert into listing(lid,uid,oid,pid,amount) values(239,70,24,6,1);
insert into listing(lid,uid,oid,pid,amount) values(240,70,24,309,6);
insert into listing(lid,uid,oid,pid,amount) values(241,70,24,97,2);
insert into listing(lid,uid,oid,pid,amount) values(242,70,24,478,2);
insert into listing(lid,uid,oid,pid,amount) values(243,70,24,89,6);
insert into listing(lid,uid,oid,pid,amount) values(244,70,24,105,3);
insert into listing(lid,uid,oid,pid,amount) values(245,70,24,303,4);
insert into review(rid,oid,uid,score,detail,date,del) values(242,24,75,3,'测试用数据:评论242','2023-10-20 00:00:00',0);
insert into review(rid,oid,uid,score,detail,date,del) values(243,24,75,5,'测试用数据:评论243','2023-10-20 00:00:00',0);
insert into review(rid,oid,uid,score,detail,date,del) values(244,24,75,1,'测试用数据:评论244','2023-10-20 00:00:00',0);
insert into review(rid,oid,uid,score,detail,date,del) values(245,24,75,0,'测试用数据:评论245','2023-10-20 00:00:00',0);
insert into review(rid,oid,uid,score,detail,date,del) values(246,24,75,2,'测试用数据:评论246','2023-10-20 00:00:00',0);
insert into review(rid,oid,uid,score,detail,date,del) values(247,24,75,2,'测试用数据:评论247','2023-10-20 00:00:00',0);
insert into _order(oid,state,bid,sid,did,tid,date,info,del) values(25,2,39,75,null,7243549706,'2023-10-20 00:00:00','测试用数据',0);
insert into listing(lid,uid,oid,pid,amount) values(246,70,25,376,2);
insert into listing(lid,uid,oid,pid,amount) values(247,70,25,282,8);
insert into listing(lid,uid,oid,pid,amount) values(248,70,25,478,6);
insert into listing(lid,uid,oid,pid,amount) values(249,70,25,254,6);
insert into listing(lid,uid,oid,pid,amount) values(250,70,25,303,7);
insert into listing(lid,uid,oid,pid,amount) values(251,70,25,44,10);
insert into listing(lid,uid,oid,pid,amount) values(252,70,25,110,8);
insert into listing(lid,uid,oid,pid,amount) values(253,70,25,105,1);
insert into listing(lid,uid,oid,pid,amount) values(254,70,25,168,9);
insert into listing(lid,uid,oid,pid,amount) values(255,70,25,223,9);
insert into listing(lid,uid,oid,pid,amount) values(256,70,25,417,10);
insert into listing(lid,uid,oid,pid,amount) values(257,70,25,6,2);
insert into listing(lid,uid,oid,pid,amount) values(258,70,25,30,7);
insert into listing(lid,uid,oid,pid,amount) values(259,70,25,309,8);
insert into listing(lid,uid,oid,pid,amount) values(260,70,25,89,9);
insert into listing(lid,uid,oid,pid,amount) values(261,70,25,97,1);
insert into listing(lid,uid,oid,pid,amount) values(262,70,25,243,1);
insert into review(rid,oid,uid,score,detail,date,del) values(248,25,75,4,'测试用数据:评论248','2023-10-20 00:00:00',0);
insert into review(rid,oid,uid,score,detail,date,del) values(249,25,75,4,'测试用数据:评论249','2023-10-20 00:00:00',0);
insert into review(rid,oid,uid,score,detail,date,del) values(250,25,75,0,'测试用数据:评论250','2023-10-20 00:00:00',0);
insert into review(rid,oid,uid,score,detail,date,del) values(251,25,75,2,'测试用数据:评论251','2023-10-20 00:00:00',0);
insert into review(rid,oid,uid,score,detail,date,del) values(252,25,75,2,'测试用数据:评论252','2023-10-20 00:00:00',0);
insert into review(rid,oid,uid,score,detail,date,del) values(253,25,75,1,'测试用数据:评论253','2023-10-20 00:00:00',0);
insert into review(rid,oid,uid,score,detail,date,del) values(254,25,75,1,'测试用数据:评论254','2023-10-20 00:00:00',0);
insert into review(rid,oid,uid,score,detail,date,del) values(255,25,75,5,'测试用数据:评论255','2023-10-20 00:00:00',0);
insert into review(rid,oid,uid,score,detail,date,del) values(256,25,75,5,'测试用数据:评论256','2023-10-20 00:00:00',0);
insert into review(rid,oid,uid,score,detail,date,del) values(257,25,75,4,'测试用数据:评论257','2023-10-20 00:00:00',0);
insert into _order(oid,state,bid,sid,did,tid,date,info,del) values(26,4,8,61,83,9126355675,'2023-10-20 00:00:00','测试用数据',0);
insert into listing(lid,uid,oid,pid,amount) values(263,70,26,370,4);
insert into listing(lid,uid,oid,pid,amount) values(264,70,26,338,2);
insert into listing(lid,uid,oid,pid,amount) values(265,70,26,334,4);
insert into listing(lid,uid,oid,pid,amount) values(266,70,26,209,7);
insert into listing(lid,uid,oid,pid,amount) values(267,70,26,448,1);
insert into listing(lid,uid,oid,pid,amount) values(268,70,26,354,6);
insert into listing(lid,uid,oid,pid,amount) values(269,70,26,375,3);
insert into review(rid,oid,uid,score,detail,date,del) values(258,26,61,0,'测试用数据:评论258','2023-10-20 00:00:00',0);
insert into review(rid,oid,uid,score,detail,date,del) values(259,26,61,2,'测试用数据:评论259','2023-10-20 00:00:00',0);
insert into review(rid,oid,uid,score,detail,date,del) values(260,26,61,3,'测试用数据:评论260','2023-10-20 00:00:00',0);
insert into review(rid,oid,uid,score,detail,date,del) values(261,26,61,2,'测试用数据:评论261','2023-10-20 00:00:00',0);
insert into review(rid,oid,uid,score,detail,date,del) values(262,26,61,1,'测试用数据:评论262','2023-10-20 00:00:00',0);
insert into review(rid,oid,uid,score,detail,date,del) values(263,26,61,3,'测试用数据:评论263','2023-10-20 00:00:00',0);
insert into review(rid,oid,uid,score,detail,date,del) values(264,26,61,3,'测试用数据:评论264','2023-10-20 00:00:00',0);
insert into review(rid,oid,uid,score,detail,date,del) values(265,26,61,5,'测试用数据:评论265','2023-10-20 00:00:00',0);
insert into review(rid,oid,uid,score,detail,date,del) values(266,26,61,0,'测试用数据:评论266','2023-10-20 00:00:00',0);
insert into review(rid,oid,uid,score,detail,date,del) values(267,26,61,3,'测试用数据:评论267','2023-10-20 00:00:00',0);
insert into review(rid,oid,uid,score,detail,date,del) values(268,26,61,5,'测试用数据:评论268','2023-10-20 00:00:00',0);
insert into review(rid,oid,uid,score,detail,date,del) values(269,26,61,4,'测试用数据:评论269','2023-10-20 00:00:00',0);
insert into review(rid,oid,uid,score,detail,date,del) values(270,26,61,5,'测试用数据:评论270','2023-10-20 00:00:00',0);
insert into review(rid,oid,uid,score,detail,date,del) values(271,26,61,2,'测试用数据:评论271','2023-10-20 00:00:00',0);
insert into _order(oid,state,bid,sid,did,tid,date,info,del) values(27,2,24,54,null,8146808530,'2023-10-20 00:00:00','测试用数据',0);
insert into listing(lid,uid,oid,pid,amount) values(270,70,27,385,5);
insert into listing(lid,uid,oid,pid,amount) values(271,70,27,87,4);
insert into listing(lid,uid,oid,pid,amount) values(272,70,27,129,5);
insert into listing(lid,uid,oid,pid,amount) values(273,70,27,398,7);
insert into listing(lid,uid,oid,pid,amount) values(274,70,27,118,2);
insert into listing(lid,uid,oid,pid,amount) values(275,70,27,29,5);
insert into listing(lid,uid,oid,pid,amount) values(276,70,27,367,9);
insert into listing(lid,uid,oid,pid,amount) values(277,70,27,415,5);
insert into listing(lid,uid,oid,pid,amount) values(278,70,27,363,4);
insert into listing(lid,uid,oid,pid,amount) values(279,70,27,135,5);
insert into listing(lid,uid,oid,pid,amount) values(280,70,27,215,2);
insert into listing(lid,uid,oid,pid,amount) values(281,70,27,267,3);
insert into listing(lid,uid,oid,pid,amount) values(282,70,27,457,4);
insert into listing(lid,uid,oid,pid,amount) values(283,70,27,291,6);
insert into listing(lid,uid,oid,pid,amount) values(284,70,27,377,7);
insert into listing(lid,uid,oid,pid,amount) values(285,70,27,99,7);
insert into listing(lid,uid,oid,pid,amount) values(286,70,27,217,7);
insert into listing(lid,uid,oid,pid,amount) values(287,70,27,392,6);
insert into listing(lid,uid,oid,pid,amount) values(288,70,27,244,6);
insert into listing(lid,uid,oid,pid,amount) values(289,70,27,120,4);
insert into listing(lid,uid,oid,pid,amount) values(290,70,27,469,4);
insert into listing(lid,uid,oid,pid,amount) values(291,70,27,111,9);
insert into listing(lid,uid,oid,pid,amount) values(292,70,27,432,7);
insert into listing(lid,uid,oid,pid,amount) values(293,70,27,310,2);
insert into review(rid,oid,uid,score,detail,date,del) values(272,27,54,4,'测试用数据:评论272','2023-10-20 00:00:00',0);
insert into review(rid,oid,uid,score,detail,date,del) values(273,27,54,5,'测试用数据:评论273','2023-10-20 00:00:00',0);
insert into review(rid,oid,uid,score,detail,date,del) values(274,27,54,3,'测试用数据:评论274','2023-10-20 00:00:00',0);
insert into review(rid,oid,uid,score,detail,date,del) values(275,27,54,5,'测试用数据:评论275','2023-10-20 00:00:00',0);
insert into review(rid,oid,uid,score,detail,date,del) values(276,27,54,3,'测试用数据:评论276','2023-10-20 00:00:00',0);
insert into review(rid,oid,uid,score,detail,date,del) values(277,27,54,1,'测试用数据:评论277','2023-10-20 00:00:00',0);
insert into review(rid,oid,uid,score,detail,date,del) values(278,27,54,4,'测试用数据:评论278','2023-10-20 00:00:00',0);
insert into review(rid,oid,uid,score,detail,date,del) values(279,27,54,5,'测试用数据:评论279','2023-10-20 00:00:00',0);
insert into review(rid,oid,uid,score,detail,date,del) values(280,27,54,5,'测试用数据:评论280','2023-10-20 00:00:00',0);
insert into review(rid,oid,uid,score,detail,date,del) values(281,27,54,5,'测试用数据:评论281','2023-10-20 00:00:00',0);
insert into review(rid,oid,uid,score,detail,date,del) values(282,27,54,0,'测试用数据:评论282','2023-10-20 00:00:00',0);
insert into review(rid,oid,uid,score,detail,date,del) values(283,27,54,3,'测试用数据:评论283','2023-10-20 00:00:00',0);
insert into _order(oid,state,bid,sid,did,tid,date,info,del) values(28,4,4,51,96,6974576545,'2023-10-20 00:00:00','测试用数据',0);
insert into listing(lid,uid,oid,pid,amount) values(294,70,28,230,2);
insert into listing(lid,uid,oid,pid,amount) values(295,70,28,166,4);
insert into listing(lid,uid,oid,pid,amount) values(296,70,28,32,6);
insert into listing(lid,uid,oid,pid,amount) values(297,70,28,355,5);
insert into review(rid,oid,uid,score,detail,date,del) values(284,28,51,3,'测试用数据:评论284','2023-10-20 00:00:00',0);
insert into review(rid,oid,uid,score,detail,date,del) values(285,28,51,3,'测试用数据:评论285','2023-10-20 00:00:00',0);
insert into review(rid,oid,uid,score,detail,date,del) values(286,28,51,3,'测试用数据:评论286','2023-10-20 00:00:00',0);
insert into review(rid,oid,uid,score,detail,date,del) values(287,28,51,0,'测试用数据:评论287','2023-10-20 00:00:00',0);
insert into review(rid,oid,uid,score,detail,date,del) values(288,28,51,3,'测试用数据:评论288','2023-10-20 00:00:00',0);
insert into review(rid,oid,uid,score,detail,date,del) values(289,28,51,1,'测试用数据:评论289','2023-10-20 00:00:00',0);
insert into _order(oid,state,bid,sid,did,tid,date,info,del) values(29,3,30,66,95,2413064250,'2023-10-20 00:00:00','测试用数据',0);
insert into listing(lid,uid,oid,pid,amount) values(298,70,29,142,8);
insert into listing(lid,uid,oid,pid,amount) values(299,70,29,292,5);
insert into listing(lid,uid,oid,pid,amount) values(300,70,29,408,9);
insert into listing(lid,uid,oid,pid,amount) values(301,70,29,74,3);
insert into listing(lid,uid,oid,pid,amount) values(302,70,29,194,6);
insert into listing(lid,uid,oid,pid,amount) values(303,70,29,332,9);
insert into listing(lid,uid,oid,pid,amount) values(304,70,29,25,9);
insert into listing(lid,uid,oid,pid,amount) values(305,70,29,38,5);
insert into listing(lid,uid,oid,pid,amount) values(306,70,29,248,1);
insert into listing(lid,uid,oid,pid,amount) values(307,70,29,151,8);
insert into listing(lid,uid,oid,pid,amount) values(308,70,29,241,4);
insert into listing(lid,uid,oid,pid,amount) values(309,70,29,144,3);
insert into listing(lid,uid,oid,pid,amount) values(310,70,29,307,3);
insert into listing(lid,uid,oid,pid,amount) values(311,70,29,198,3);
insert into listing(lid,uid,oid,pid,amount) values(312,70,29,107,9);
insert into review(rid,oid,uid,score,detail,date,del) values(290,29,66,5,'测试用数据:评论290','2023-10-20 00:00:00',0);
insert into review(rid,oid,uid,score,detail,date,del) values(291,29,66,5,'测试用数据:评论291','2023-10-20 00:00:00',0);
insert into review(rid,oid,uid,score,detail,date,del) values(292,29,66,2,'测试用数据:评论292','2023-10-20 00:00:00',0);
insert into review(rid,oid,uid,score,detail,date,del) values(293,29,66,1,'测试用数据:评论293','2023-10-20 00:00:00',0);
insert into review(rid,oid,uid,score,detail,date,del) values(294,29,66,2,'测试用数据:评论294','2023-10-20 00:00:00',0);
insert into review(rid,oid,uid,score,detail,date,del) values(295,29,66,1,'测试用数据:评论295','2023-10-20 00:00:00',0);
insert into review(rid,oid,uid,score,detail,date,del) values(296,29,66,3,'测试用数据:评论296','2023-10-20 00:00:00',0);
insert into review(rid,oid,uid,score,detail,date,del) values(297,29,66,4,'测试用数据:评论297','2023-10-20 00:00:00',0);
insert into review(rid,oid,uid,score,detail,date,del) values(298,29,66,3,'测试用数据:评论298','2023-10-20 00:00:00',0);
insert into review(rid,oid,uid,score,detail,date,del) values(299,29,66,2,'测试用数据:评论299','2023-10-20 00:00:00',0);
insert into review(rid,oid,uid,score,detail,date,del) values(300,29,66,4,'测试用数据:评论300','2023-10-20 00:00:00',0);
insert into review(rid,oid,uid,score,detail,date,del) values(301,29,66,1,'测试用数据:评论301','2023-10-20 00:00:00',0);
insert into _order(oid,state,bid,sid,did,tid,date,info,del) values(30,0,40,63,null,2842154480,'2023-10-20 00:00:00','测试用数据',0);
insert into listing(lid,uid,oid,pid,amount) values(313,70,30,23,9);
insert into listing(lid,uid,oid,pid,amount) values(314,70,30,33,5);
insert into review(rid,oid,uid,score,detail,date,del) values(302,30,63,5,'测试用数据:评论302','2023-10-20 00:00:00',0);
insert into review(rid,oid,uid,score,detail,date,del) values(303,30,63,4,'测试用数据:评论303','2023-10-20 00:00:00',0);
insert into review(rid,oid,uid,score,detail,date,del) values(304,30,63,0,'测试用数据:评论304','2023-10-20 00:00:00',0);
insert into review(rid,oid,uid,score,detail,date,del) values(305,30,63,3,'测试用数据:评论305','2023-10-20 00:00:00',0);
insert into review(rid,oid,uid,score,detail,date,del) values(306,30,63,1,'测试用数据:评论306','2023-10-20 00:00:00',0);
insert into _order(oid,state,bid,sid,did,tid,date,info,del) values(31,4,7,57,90,9038996127,'2023-10-20 00:00:00','测试用数据',0);
insert into listing(lid,uid,oid,pid,amount) values(315,70,31,425,5);
insert into listing(lid,uid,oid,pid,amount) values(316,70,31,261,6);
insert into listing(lid,uid,oid,pid,amount) values(317,70,31,147,9);
insert into listing(lid,uid,oid,pid,amount) values(318,70,31,18,9);
insert into listing(lid,uid,oid,pid,amount) values(319,70,31,486,5);
insert into listing(lid,uid,oid,pid,amount) values(320,70,31,422,3);
insert into listing(lid,uid,oid,pid,amount) values(321,70,31,148,7);
insert into listing(lid,uid,oid,pid,amount) values(322,70,31,493,6);
insert into listing(lid,uid,oid,pid,amount) values(323,70,31,250,8);
insert into listing(lid,uid,oid,pid,amount) values(324,70,31,423,8);
insert into listing(lid,uid,oid,pid,amount) values(325,70,31,412,1);
insert into listing(lid,uid,oid,pid,amount) values(326,70,31,236,10);
insert into listing(lid,uid,oid,pid,amount) values(327,70,31,373,8);
insert into listing(lid,uid,oid,pid,amount) values(328,70,31,304,2);
insert into review(rid,oid,uid,score,detail,date,del) values(307,31,57,0,'测试用数据:评论307','2023-10-20 00:00:00',0);
insert into review(rid,oid,uid,score,detail,date,del) values(308,31,57,2,'测试用数据:评论308','2023-10-20 00:00:00',0);
insert into review(rid,oid,uid,score,detail,date,del) values(309,31,57,1,'测试用数据:评论309','2023-10-20 00:00:00',0);
insert into review(rid,oid,uid,score,detail,date,del) values(310,31,57,2,'测试用数据:评论310','2023-10-20 00:00:00',0);
insert into review(rid,oid,uid,score,detail,date,del) values(311,31,57,0,'测试用数据:评论311','2023-10-20 00:00:00',0);
insert into review(rid,oid,uid,score,detail,date,del) values(312,31,57,0,'测试用数据:评论312','2023-10-20 00:00:00',0);
insert into review(rid,oid,uid,score,detail,date,del) values(313,31,57,0,'测试用数据:评论313','2023-10-20 00:00:00',0);
insert into review(rid,oid,uid,score,detail,date,del) values(314,31,57,5,'测试用数据:评论314','2023-10-20 00:00:00',0);
insert into _order(oid,state,bid,sid,did,tid,date,info,del) values(32,5,50,75,null,8891134896,'2023-10-20 00:00:00','测试用数据',0);
insert into listing(lid,uid,oid,pid,amount) values(329,70,32,223,6);
insert into listing(lid,uid,oid,pid,amount) values(330,70,32,254,6);
insert into listing(lid,uid,oid,pid,amount) values(331,70,32,478,3);
insert into listing(lid,uid,oid,pid,amount) values(332,70,32,105,9);
insert into listing(lid,uid,oid,pid,amount) values(333,70,32,282,1);
insert into listing(lid,uid,oid,pid,amount) values(334,70,32,30,4);
insert into listing(lid,uid,oid,pid,amount) values(335,70,32,89,3);
insert into listing(lid,uid,oid,pid,amount) values(336,70,32,6,4);
insert into listing(lid,uid,oid,pid,amount) values(337,70,32,97,2);
insert into listing(lid,uid,oid,pid,amount) values(338,70,32,243,10);
insert into listing(lid,uid,oid,pid,amount) values(339,70,32,110,1);
insert into review(rid,oid,uid,score,detail,date,del) values(315,32,75,0,'测试用数据:评论315','2023-10-20 00:00:00',0);
insert into review(rid,oid,uid,score,detail,date,del) values(316,32,75,1,'测试用数据:评论316','2023-10-20 00:00:00',0);
insert into review(rid,oid,uid,score,detail,date,del) values(317,32,75,5,'测试用数据:评论317','2023-10-20 00:00:00',0);
insert into review(rid,oid,uid,score,detail,date,del) values(318,32,75,3,'测试用数据:评论318','2023-10-20 00:00:00',0);
insert into review(rid,oid,uid,score,detail,date,del) values(319,32,75,5,'测试用数据:评论319','2023-10-20 00:00:00',0);
insert into review(rid,oid,uid,score,detail,date,del) values(320,32,75,1,'测试用数据:评论320','2023-10-20 00:00:00',0);
insert into review(rid,oid,uid,score,detail,date,del) values(321,32,75,3,'测试用数据:评论321','2023-10-20 00:00:00',0);
insert into review(rid,oid,uid,score,detail,date,del) values(322,32,75,2,'测试用数据:评论322','2023-10-20 00:00:00',0);
insert into review(rid,oid,uid,score,detail,date,del) values(323,32,75,3,'测试用数据:评论323','2023-10-20 00:00:00',0);
insert into review(rid,oid,uid,score,detail,date,del) values(324,32,75,3,'测试用数据:评论324','2023-10-20 00:00:00',0);
insert into review(rid,oid,uid,score,detail,date,del) values(325,32,75,0,'测试用数据:评论325','2023-10-20 00:00:00',0);
insert into review(rid,oid,uid,score,detail,date,del) values(326,32,75,1,'测试用数据:评论326','2023-10-20 00:00:00',0);
insert into review(rid,oid,uid,score,detail,date,del) values(327,32,75,4,'测试用数据:评论327','2023-10-20 00:00:00',0);
insert into review(rid,oid,uid,score,detail,date,del) values(328,32,75,4,'测试用数据:评论328','2023-10-20 00:00:00',0);
insert into _order(oid,state,bid,sid,did,tid,date,info,del) values(33,5,39,69,null,5913270676,'2023-10-20 00:00:00','测试用数据',0);
insert into listing(lid,uid,oid,pid,amount) values(340,70,33,285,4);
insert into listing(lid,uid,oid,pid,amount) values(341,70,33,336,5);
insert into listing(lid,uid,oid,pid,amount) values(342,70,33,80,6);
insert into listing(lid,uid,oid,pid,amount) values(343,70,33,212,2);
insert into listing(lid,uid,oid,pid,amount) values(344,70,33,210,1);
insert into listing(lid,uid,oid,pid,amount) values(345,70,33,281,6);
insert into listing(lid,uid,oid,pid,amount) values(346,70,33,57,10);
insert into review(rid,oid,uid,score,detail,date,del) values(329,33,69,3,'测试用数据:评论329','2023-10-20 00:00:00',0);
insert into review(rid,oid,uid,score,detail,date,del) values(330,33,69,3,'测试用数据:评论330','2023-10-20 00:00:00',0);
insert into review(rid,oid,uid,score,detail,date,del) values(331,33,69,1,'测试用数据:评论331','2023-10-20 00:00:00',0);
insert into review(rid,oid,uid,score,detail,date,del) values(332,33,69,2,'测试用数据:评论332','2023-10-20 00:00:00',0);
insert into review(rid,oid,uid,score,detail,date,del) values(333,33,69,3,'测试用数据:评论333','2023-10-20 00:00:00',0);
insert into review(rid,oid,uid,score,detail,date,del) values(334,33,69,2,'测试用数据:评论334','2023-10-20 00:00:00',0);
insert into review(rid,oid,uid,score,detail,date,del) values(335,33,69,0,'测试用数据:评论335','2023-10-20 00:00:00',0);
insert into review(rid,oid,uid,score,detail,date,del) values(336,33,69,1,'测试用数据:评论336','2023-10-20 00:00:00',0);
insert into review(rid,oid,uid,score,detail,date,del) values(337,33,69,5,'测试用数据:评论337','2023-10-20 00:00:00',0);
insert into review(rid,oid,uid,score,detail,date,del) values(338,33,69,1,'测试用数据:评论338','2023-10-20 00:00:00',0);
insert into review(rid,oid,uid,score,detail,date,del) values(339,33,69,0,'测试用数据:评论339','2023-10-20 00:00:00',0);
insert into review(rid,oid,uid,score,detail,date,del) values(340,33,69,3,'测试用数据:评论340','2023-10-20 00:00:00',0);
insert into review(rid,oid,uid,score,detail,date,del) values(341,33,69,1,'测试用数据:评论341','2023-10-20 00:00:00',0);
insert into review(rid,oid,uid,score,detail,date,del) values(342,33,69,0,'测试用数据:评论342','2023-10-20 00:00:00',0);
insert into review(rid,oid,uid,score,detail,date,del) values(343,33,69,3,'测试用数据:评论343','2023-10-20 00:00:00',0);
insert into _order(oid,state,bid,sid,did,tid,date,info,del) values(34,0,6,62,null,6845419258,'2023-10-20 00:00:00','测试用数据',0);
insert into listing(lid,uid,oid,pid,amount) values(347,70,34,481,5);
insert into listing(lid,uid,oid,pid,amount) values(348,70,34,439,8);
insert into listing(lid,uid,oid,pid,amount) values(349,70,34,311,3);
insert into listing(lid,uid,oid,pid,amount) values(350,70,34,98,10);
insert into listing(lid,uid,oid,pid,amount) values(351,70,34,79,4);
insert into listing(lid,uid,oid,pid,amount) values(352,70,34,139,6);
insert into listing(lid,uid,oid,pid,amount) values(353,70,34,122,6);
insert into listing(lid,uid,oid,pid,amount) values(354,70,34,476,2);
insert into listing(lid,uid,oid,pid,amount) values(355,70,34,15,4);
insert into listing(lid,uid,oid,pid,amount) values(356,70,34,40,5);
insert into listing(lid,uid,oid,pid,amount) values(357,70,34,397,5);
insert into review(rid,oid,uid,score,detail,date,del) values(344,34,62,0,'测试用数据:评论344','2023-10-20 00:00:00',0);
insert into review(rid,oid,uid,score,detail,date,del) values(345,34,62,5,'测试用数据:评论345','2023-10-20 00:00:00',0);
insert into review(rid,oid,uid,score,detail,date,del) values(346,34,62,4,'测试用数据:评论346','2023-10-20 00:00:00',0);
insert into review(rid,oid,uid,score,detail,date,del) values(347,34,62,4,'测试用数据:评论347','2023-10-20 00:00:00',0);
insert into review(rid,oid,uid,score,detail,date,del) values(348,34,62,0,'测试用数据:评论348','2023-10-20 00:00:00',0);
insert into review(rid,oid,uid,score,detail,date,del) values(349,34,62,3,'测试用数据:评论349','2023-10-20 00:00:00',0);
insert into review(rid,oid,uid,score,detail,date,del) values(350,34,62,0,'测试用数据:评论350','2023-10-20 00:00:00',0);
insert into review(rid,oid,uid,score,detail,date,del) values(351,34,62,3,'测试用数据:评论351','2023-10-20 00:00:00',0);
insert into review(rid,oid,uid,score,detail,date,del) values(352,34,62,3,'测试用数据:评论352','2023-10-20 00:00:00',0);
insert into review(rid,oid,uid,score,detail,date,del) values(353,34,62,4,'测试用数据:评论353','2023-10-20 00:00:00',0);
insert into review(rid,oid,uid,score,detail,date,del) values(354,34,62,2,'测试用数据:评论354','2023-10-20 00:00:00',0);
insert into review(rid,oid,uid,score,detail,date,del) values(355,34,62,2,'测试用数据:评论355','2023-10-20 00:00:00',0);
insert into _order(oid,state,bid,sid,did,tid,date,info,del) values(35,3,14,56,89,8551992434,'2023-10-20 00:00:00','测试用数据',0);
insert into listing(lid,uid,oid,pid,amount) values(358,70,35,228,4);
insert into listing(lid,uid,oid,pid,amount) values(359,70,35,264,3);
insert into listing(lid,uid,oid,pid,amount) values(360,70,35,12,3);
insert into listing(lid,uid,oid,pid,amount) values(361,70,35,364,10);
insert into listing(lid,uid,oid,pid,amount) values(362,70,35,233,7);
insert into listing(lid,uid,oid,pid,amount) values(363,70,35,467,3);
insert into listing(lid,uid,oid,pid,amount) values(364,70,35,190,7);
insert into review(rid,oid,uid,score,detail,date,del) values(356,35,56,1,'测试用数据:评论356','2023-10-20 00:00:00',0);
insert into review(rid,oid,uid,score,detail,date,del) values(357,35,56,2,'测试用数据:评论357','2023-10-20 00:00:00',0);
insert into review(rid,oid,uid,score,detail,date,del) values(358,35,56,2,'测试用数据:评论358','2023-10-20 00:00:00',0);
insert into review(rid,oid,uid,score,detail,date,del) values(359,35,56,0,'测试用数据:评论359','2023-10-20 00:00:00',0);
insert into review(rid,oid,uid,score,detail,date,del) values(360,35,56,5,'测试用数据:评论360','2023-10-20 00:00:00',0);
insert into review(rid,oid,uid,score,detail,date,del) values(361,35,56,1,'测试用数据:评论361','2023-10-20 00:00:00',0);
insert into review(rid,oid,uid,score,detail,date,del) values(362,35,56,3,'测试用数据:评论362','2023-10-20 00:00:00',0);
insert into review(rid,oid,uid,score,detail,date,del) values(363,35,56,4,'测试用数据:评论363','2023-10-20 00:00:00',0);
insert into _order(oid,state,bid,sid,did,tid,date,info,del) values(36,5,29,57,null,6938214031,'2023-10-20 00:00:00','测试用数据',0);
insert into listing(lid,uid,oid,pid,amount) values(365,70,36,159,2);
insert into listing(lid,uid,oid,pid,amount) values(366,70,36,493,4);
insert into listing(lid,uid,oid,pid,amount) values(367,70,36,486,4);
insert into listing(lid,uid,oid,pid,amount) values(368,70,36,147,6);
insert into review(rid,oid,uid,score,detail,date,del) values(364,36,57,5,'测试用数据:评论364','2023-10-20 00:00:00',0);
insert into review(rid,oid,uid,score,detail,date,del) values(365,36,57,5,'测试用数据:评论365','2023-10-20 00:00:00',0);
insert into review(rid,oid,uid,score,detail,date,del) values(366,36,57,0,'测试用数据:评论366','2023-10-20 00:00:00',0);
insert into review(rid,oid,uid,score,detail,date,del) values(367,36,57,5,'测试用数据:评论367','2023-10-20 00:00:00',0);
insert into review(rid,oid,uid,score,detail,date,del) values(368,36,57,2,'测试用数据:评论368','2023-10-20 00:00:00',0);
insert into review(rid,oid,uid,score,detail,date,del) values(369,36,57,1,'测试用数据:评论369','2023-10-20 00:00:00',0);
insert into review(rid,oid,uid,score,detail,date,del) values(370,36,57,4,'测试用数据:评论370','2023-10-20 00:00:00',0);
insert into review(rid,oid,uid,score,detail,date,del) values(371,36,57,4,'测试用数据:评论371','2023-10-20 00:00:00',0);
insert into review(rid,oid,uid,score,detail,date,del) values(372,36,57,2,'测试用数据:评论372','2023-10-20 00:00:00',0);
insert into review(rid,oid,uid,score,detail,date,del) values(373,36,57,2,'测试用数据:评论373','2023-10-20 00:00:00',0);
insert into review(rid,oid,uid,score,detail,date,del) values(374,36,57,3,'测试用数据:评论374','2023-10-20 00:00:00',0);
insert into review(rid,oid,uid,score,detail,date,del) values(375,36,57,2,'测试用数据:评论375','2023-10-20 00:00:00',0);
insert into review(rid,oid,uid,score,detail,date,del) values(376,36,57,2,'测试用数据:评论376','2023-10-20 00:00:00',0);
insert into review(rid,oid,uid,score,detail,date,del) values(377,36,57,2,'测试用数据:评论377','2023-10-20 00:00:00',0);
insert into review(rid,oid,uid,score,detail,date,del) values(378,36,57,4,'测试用数据:评论378','2023-10-20 00:00:00',0);
insert into _order(oid,state,bid,sid,did,tid,date,info,del) values(37,2,37,70,null,1319450400,'2023-10-20 00:00:00','测试用数据',0);
insert into listing(lid,uid,oid,pid,amount) values(369,70,37,204,5);
insert into listing(lid,uid,oid,pid,amount) values(370,70,37,324,3);
insert into listing(lid,uid,oid,pid,amount) values(371,70,37,47,4);
insert into listing(lid,uid,oid,pid,amount) values(372,70,37,9,2);
insert into listing(lid,uid,oid,pid,amount) values(373,70,37,479,4);
insert into listing(lid,uid,oid,pid,amount) values(374,70,37,247,7);
insert into review(rid,oid,uid,score,detail,date,del) values(379,37,70,5,'测试用数据:评论379','2023-10-20 00:00:00',0);
insert into review(rid,oid,uid,score,detail,date,del) values(380,37,70,5,'测试用数据:评论380','2023-10-20 00:00:00',0);
insert into review(rid,oid,uid,score,detail,date,del) values(381,37,70,5,'测试用数据:评论381','2023-10-20 00:00:00',0);
insert into review(rid,oid,uid,score,detail,date,del) values(382,37,70,4,'测试用数据:评论382','2023-10-20 00:00:00',0);
insert into review(rid,oid,uid,score,detail,date,del) values(383,37,70,4,'测试用数据:评论383','2023-10-20 00:00:00',0);
insert into review(rid,oid,uid,score,detail,date,del) values(384,37,70,2,'测试用数据:评论384','2023-10-20 00:00:00',0);
insert into review(rid,oid,uid,score,detail,date,del) values(385,37,70,2,'测试用数据:评论385','2023-10-20 00:00:00',0);
insert into _order(oid,state,bid,sid,did,tid,date,info,del) values(38,2,10,55,null,7397127742,'2023-10-20 00:00:00','测试用数据',0);
insert into listing(lid,uid,oid,pid,amount) values(375,70,38,206,4);
insert into listing(lid,uid,oid,pid,amount) values(376,70,38,452,3);
insert into listing(lid,uid,oid,pid,amount) values(377,70,38,116,7);
insert into listing(lid,uid,oid,pid,amount) values(378,70,38,492,5);
insert into listing(lid,uid,oid,pid,amount) values(379,70,38,286,10);
insert into listing(lid,uid,oid,pid,amount) values(380,70,38,20,4);
insert into listing(lid,uid,oid,pid,amount) values(381,70,38,283,7);
insert into listing(lid,uid,oid,pid,amount) values(382,70,38,344,4);
insert into listing(lid,uid,oid,pid,amount) values(383,70,38,381,7);
insert into review(rid,oid,uid,score,detail,date,del) values(386,38,55,2,'测试用数据:评论386','2023-10-20 00:00:00',0);
insert into review(rid,oid,uid,score,detail,date,del) values(387,38,55,2,'测试用数据:评论387','2023-10-20 00:00:00',0);
insert into review(rid,oid,uid,score,detail,date,del) values(388,38,55,2,'测试用数据:评论388','2023-10-20 00:00:00',0);
insert into review(rid,oid,uid,score,detail,date,del) values(389,38,55,2,'测试用数据:评论389','2023-10-20 00:00:00',0);
insert into review(rid,oid,uid,score,detail,date,del) values(390,38,55,3,'测试用数据:评论390','2023-10-20 00:00:00',0);
insert into review(rid,oid,uid,score,detail,date,del) values(391,38,55,1,'测试用数据:评论391','2023-10-20 00:00:00',0);
insert into review(rid,oid,uid,score,detail,date,del) values(392,38,55,2,'测试用数据:评论392','2023-10-20 00:00:00',0);
insert into review(rid,oid,uid,score,detail,date,del) values(393,38,55,1,'测试用数据:评论393','2023-10-20 00:00:00',0);
insert into review(rid,oid,uid,score,detail,date,del) values(394,38,55,1,'测试用数据:评论394','2023-10-20 00:00:00',0);
insert into review(rid,oid,uid,score,detail,date,del) values(395,38,55,2,'测试用数据:评论395','2023-10-20 00:00:00',0);
insert into _order(oid,state,bid,sid,did,tid,date,info,del) values(39,4,14,65,95,2663660133,'2023-10-20 00:00:00','测试用数据',0);
insert into listing(lid,uid,oid,pid,amount) values(384,70,39,390,4);
insert into listing(lid,uid,oid,pid,amount) values(385,70,39,216,7);
insert into listing(lid,uid,oid,pid,amount) values(386,70,39,350,2);
insert into listing(lid,uid,oid,pid,amount) values(387,70,39,140,3);
insert into listing(lid,uid,oid,pid,amount) values(388,70,39,384,2);
insert into listing(lid,uid,oid,pid,amount) values(389,70,39,65,2);
insert into listing(lid,uid,oid,pid,amount) values(390,70,39,491,9);
insert into listing(lid,uid,oid,pid,amount) values(391,70,39,360,10);
insert into listing(lid,uid,oid,pid,amount) values(392,70,39,141,3);
insert into listing(lid,uid,oid,pid,amount) values(393,70,39,208,8);
insert into listing(lid,uid,oid,pid,amount) values(394,70,39,333,10);
insert into listing(lid,uid,oid,pid,amount) values(395,70,39,193,4);
insert into listing(lid,uid,oid,pid,amount) values(396,70,39,278,2);
insert into review(rid,oid,uid,score,detail,date,del) values(396,39,65,5,'测试用数据:评论396','2023-10-20 00:00:00',0);
insert into review(rid,oid,uid,score,detail,date,del) values(397,39,65,4,'测试用数据:评论397','2023-10-20 00:00:00',0);
insert into review(rid,oid,uid,score,detail,date,del) values(398,39,65,1,'测试用数据:评论398','2023-10-20 00:00:00',0);
insert into review(rid,oid,uid,score,detail,date,del) values(399,39,65,5,'测试用数据:评论399','2023-10-20 00:00:00',0);
insert into review(rid,oid,uid,score,detail,date,del) values(400,39,65,0,'测试用数据:评论400','2023-10-20 00:00:00',0);
insert into review(rid,oid,uid,score,detail,date,del) values(401,39,65,3,'测试用数据:评论401','2023-10-20 00:00:00',0);
insert into review(rid,oid,uid,score,detail,date,del) values(402,39,65,2,'测试用数据:评论402','2023-10-20 00:00:00',0);
insert into review(rid,oid,uid,score,detail,date,del) values(403,39,65,2,'测试用数据:评论403','2023-10-20 00:00:00',0);
insert into review(rid,oid,uid,score,detail,date,del) values(404,39,65,4,'测试用数据:评论404','2023-10-20 00:00:00',0);
insert into review(rid,oid,uid,score,detail,date,del) values(405,39,65,5,'测试用数据:评论405','2023-10-20 00:00:00',0);
insert into review(rid,oid,uid,score,detail,date,del) values(406,39,65,2,'测试用数据:评论406','2023-10-20 00:00:00',0);
insert into review(rid,oid,uid,score,detail,date,del) values(407,39,65,2,'测试用数据:评论407','2023-10-20 00:00:00',0);
insert into _order(oid,state,bid,sid,did,tid,date,info,del) values(40,1,43,55,null,3566908701,'2023-10-20 00:00:00','测试用数据',0);
insert into listing(lid,uid,oid,pid,amount) values(397,70,40,211,3);
insert into listing(lid,uid,oid,pid,amount) values(398,70,40,283,3);
insert into listing(lid,uid,oid,pid,amount) values(399,70,40,273,8);
insert into listing(lid,uid,oid,pid,amount) values(400,70,40,286,7);
insert into listing(lid,uid,oid,pid,amount) values(401,70,40,251,9);
insert into listing(lid,uid,oid,pid,amount) values(402,70,40,381,1);
insert into listing(lid,uid,oid,pid,amount) values(403,70,40,484,6);
insert into listing(lid,uid,oid,pid,amount) values(404,70,40,116,4);
insert into review(rid,oid,uid,score,detail,date,del) values(408,40,55,5,'测试用数据:评论408','2023-10-20 00:00:00',0);
insert into review(rid,oid,uid,score,detail,date,del) values(409,40,55,2,'测试用数据:评论409','2023-10-20 00:00:00',0);
insert into review(rid,oid,uid,score,detail,date,del) values(410,40,55,5,'测试用数据:评论410','2023-10-20 00:00:00',0);
insert into review(rid,oid,uid,score,detail,date,del) values(411,40,55,1,'测试用数据:评论411','2023-10-20 00:00:00',0);
insert into review(rid,oid,uid,score,detail,date,del) values(412,40,55,2,'测试用数据:评论412','2023-10-20 00:00:00',0);
insert into review(rid,oid,uid,score,detail,date,del) values(413,40,55,1,'测试用数据:评论413','2023-10-20 00:00:00',0);
insert into review(rid,oid,uid,score,detail,date,del) values(414,40,55,0,'测试用数据:评论414','2023-10-20 00:00:00',0);
insert into review(rid,oid,uid,score,detail,date,del) values(415,40,55,5,'测试用数据:评论415','2023-10-20 00:00:00',0);
insert into review(rid,oid,uid,score,detail,date,del) values(416,40,55,4,'测试用数据:评论416','2023-10-20 00:00:00',0);
insert into review(rid,oid,uid,score,detail,date,del) values(417,40,55,1,'测试用数据:评论417','2023-10-20 00:00:00',0);
insert into review(rid,oid,uid,score,detail,date,del) values(418,40,55,5,'测试用数据:评论418','2023-10-20 00:00:00',0);
insert into review(rid,oid,uid,score,detail,date,del) values(419,40,55,3,'测试用数据:评论419','2023-10-20 00:00:00',0);
insert into _order(oid,state,bid,sid,did,tid,date,info,del) values(41,3,37,61,88,2648307668,'2023-10-20 00:00:00','测试用数据',0);
insert into listing(lid,uid,oid,pid,amount) values(405,70,41,354,5);
insert into listing(lid,uid,oid,pid,amount) values(406,70,41,494,5);
insert into listing(lid,uid,oid,pid,amount) values(407,70,41,448,7);
insert into listing(lid,uid,oid,pid,amount) values(408,70,41,488,7);
insert into listing(lid,uid,oid,pid,amount) values(409,70,41,334,10);
insert into review(rid,oid,uid,score,detail,date,del) values(420,41,61,5,'测试用数据:评论420','2023-10-20 00:00:00',0);
insert into review(rid,oid,uid,score,detail,date,del) values(421,41,61,1,'测试用数据:评论421','2023-10-20 00:00:00',0);
insert into review(rid,oid,uid,score,detail,date,del) values(422,41,61,0,'测试用数据:评论422','2023-10-20 00:00:00',0);
insert into review(rid,oid,uid,score,detail,date,del) values(423,41,61,0,'测试用数据:评论423','2023-10-20 00:00:00',0);
insert into review(rid,oid,uid,score,detail,date,del) values(424,41,61,4,'测试用数据:评论424','2023-10-20 00:00:00',0);
insert into _order(oid,state,bid,sid,did,tid,date,info,del) values(42,0,8,58,null,4365446100,'2023-10-20 00:00:00','测试用数据',0);
insert into listing(lid,uid,oid,pid,amount) values(410,70,42,13,5);
insert into listing(lid,uid,oid,pid,amount) values(411,70,42,328,2);
insert into listing(lid,uid,oid,pid,amount) values(412,70,42,326,8);
insert into listing(lid,uid,oid,pid,amount) values(413,70,42,35,7);
insert into listing(lid,uid,oid,pid,amount) values(414,70,42,163,10);
insert into listing(lid,uid,oid,pid,amount) values(415,70,42,329,6);
insert into listing(lid,uid,oid,pid,amount) values(416,70,42,405,10);
insert into listing(lid,uid,oid,pid,amount) values(417,70,42,63,2);
insert into listing(lid,uid,oid,pid,amount) values(418,70,42,259,9);
insert into listing(lid,uid,oid,pid,amount) values(419,70,42,436,3);
insert into listing(lid,uid,oid,pid,amount) values(420,70,42,24,7);
insert into listing(lid,uid,oid,pid,amount) values(421,70,42,289,6);
insert into listing(lid,uid,oid,pid,amount) values(422,70,42,391,5);
insert into listing(lid,uid,oid,pid,amount) values(423,70,42,299,7);
insert into listing(lid,uid,oid,pid,amount) values(424,70,42,318,10);
insert into listing(lid,uid,oid,pid,amount) values(425,70,42,330,5);
insert into review(rid,oid,uid,score,detail,date,del) values(425,42,58,5,'测试用数据:评论425','2023-10-20 00:00:00',0);
insert into review(rid,oid,uid,score,detail,date,del) values(426,42,58,1,'测试用数据:评论426','2023-10-20 00:00:00',0);
insert into review(rid,oid,uid,score,detail,date,del) values(427,42,58,1,'测试用数据:评论427','2023-10-20 00:00:00',0);
insert into review(rid,oid,uid,score,detail,date,del) values(428,42,58,3,'测试用数据:评论428','2023-10-20 00:00:00',0);
insert into review(rid,oid,uid,score,detail,date,del) values(429,42,58,3,'测试用数据:评论429','2023-10-20 00:00:00',0);
insert into review(rid,oid,uid,score,detail,date,del) values(430,42,58,3,'测试用数据:评论430','2023-10-20 00:00:00',0);
insert into review(rid,oid,uid,score,detail,date,del) values(431,42,58,2,'测试用数据:评论431','2023-10-20 00:00:00',0);
insert into review(rid,oid,uid,score,detail,date,del) values(432,42,58,0,'测试用数据:评论432','2023-10-20 00:00:00',0);
insert into _order(oid,state,bid,sid,did,tid,date,info,del) values(43,1,35,72,null,9231934980,'2023-10-20 00:00:00','测试用数据',0);
insert into listing(lid,uid,oid,pid,amount) values(426,70,43,346,1);
insert into listing(lid,uid,oid,pid,amount) values(427,70,43,229,1);
insert into listing(lid,uid,oid,pid,amount) values(428,70,43,51,6);
insert into listing(lid,uid,oid,pid,amount) values(429,70,43,155,10);
insert into listing(lid,uid,oid,pid,amount) values(430,70,43,437,8);
insert into listing(lid,uid,oid,pid,amount) values(431,70,43,458,1);
insert into listing(lid,uid,oid,pid,amount) values(432,70,43,95,3);
insert into listing(lid,uid,oid,pid,amount) values(433,70,43,351,3);
insert into listing(lid,uid,oid,pid,amount) values(434,70,43,114,7);
insert into listing(lid,uid,oid,pid,amount) values(435,70,43,145,3);
insert into listing(lid,uid,oid,pid,amount) values(436,70,43,4,5);
insert into listing(lid,uid,oid,pid,amount) values(437,70,43,339,1);
insert into listing(lid,uid,oid,pid,amount) values(438,70,43,475,2);
insert into listing(lid,uid,oid,pid,amount) values(439,70,43,123,2);
insert into listing(lid,uid,oid,pid,amount) values(440,70,43,404,4);
insert into listing(lid,uid,oid,pid,amount) values(441,70,43,300,1);
insert into listing(lid,uid,oid,pid,amount) values(442,70,43,14,9);
insert into listing(lid,uid,oid,pid,amount) values(443,70,43,445,7);
insert into listing(lid,uid,oid,pid,amount) values(444,70,43,258,4);
insert into listing(lid,uid,oid,pid,amount) values(445,70,43,3,2);
insert into review(rid,oid,uid,score,detail,date,del) values(433,43,72,4,'测试用数据:评论433','2023-10-20 00:00:00',0);
insert into review(rid,oid,uid,score,detail,date,del) values(434,43,72,5,'测试用数据:评论434','2023-10-20 00:00:00',0);
insert into review(rid,oid,uid,score,detail,date,del) values(435,43,72,4,'测试用数据:评论435','2023-10-20 00:00:00',0);
insert into review(rid,oid,uid,score,detail,date,del) values(436,43,72,5,'测试用数据:评论436','2023-10-20 00:00:00',0);
insert into review(rid,oid,uid,score,detail,date,del) values(437,43,72,1,'测试用数据:评论437','2023-10-20 00:00:00',0);
insert into review(rid,oid,uid,score,detail,date,del) values(438,43,72,4,'测试用数据:评论438','2023-10-20 00:00:00',0);
insert into review(rid,oid,uid,score,detail,date,del) values(439,43,72,4,'测试用数据:评论439','2023-10-20 00:00:00',0);
insert into review(rid,oid,uid,score,detail,date,del) values(440,43,72,1,'测试用数据:评论440','2023-10-20 00:00:00',0);
insert into review(rid,oid,uid,score,detail,date,del) values(441,43,72,2,'测试用数据:评论441','2023-10-20 00:00:00',0);
insert into review(rid,oid,uid,score,detail,date,del) values(442,43,72,4,'测试用数据:评论442','2023-10-20 00:00:00',0);
insert into review(rid,oid,uid,score,detail,date,del) values(443,43,72,2,'测试用数据:评论443','2023-10-20 00:00:00',0);
insert into review(rid,oid,uid,score,detail,date,del) values(444,43,72,4,'测试用数据:评论444','2023-10-20 00:00:00',0);
insert into review(rid,oid,uid,score,detail,date,del) values(445,43,72,2,'测试用数据:评论445','2023-10-20 00:00:00',0);
insert into review(rid,oid,uid,score,detail,date,del) values(446,43,72,3,'测试用数据:评论446','2023-10-20 00:00:00',0);
insert into review(rid,oid,uid,score,detail,date,del) values(447,43,72,4,'测试用数据:评论447','2023-10-20 00:00:00',0);
insert into _order(oid,state,bid,sid,did,tid,date,info,del) values(44,3,20,61,91,5988614887,'2023-10-20 00:00:00','测试用数据',0);
insert into listing(lid,uid,oid,pid,amount) values(446,70,44,494,4);
insert into listing(lid,uid,oid,pid,amount) values(447,70,44,435,8);
insert into listing(lid,uid,oid,pid,amount) values(448,70,44,209,3);
insert into listing(lid,uid,oid,pid,amount) values(449,70,44,488,3);
insert into listing(lid,uid,oid,pid,amount) values(450,70,44,375,5);
insert into review(rid,oid,uid,score,detail,date,del) values(448,44,61,3,'测试用数据:评论448','2023-10-20 00:00:00',0);
insert into review(rid,oid,uid,score,detail,date,del) values(449,44,61,0,'测试用数据:评论449','2023-10-20 00:00:00',0);
insert into review(rid,oid,uid,score,detail,date,del) values(450,44,61,0,'测试用数据:评论450','2023-10-20 00:00:00',0);
insert into review(rid,oid,uid,score,detail,date,del) values(451,44,61,3,'测试用数据:评论451','2023-10-20 00:00:00',0);
insert into review(rid,oid,uid,score,detail,date,del) values(452,44,61,1,'测试用数据:评论452','2023-10-20 00:00:00',0);
insert into review(rid,oid,uid,score,detail,date,del) values(453,44,61,4,'测试用数据:评论453','2023-10-20 00:00:00',0);
insert into review(rid,oid,uid,score,detail,date,del) values(454,44,61,3,'测试用数据:评论454','2023-10-20 00:00:00',0);
insert into review(rid,oid,uid,score,detail,date,del) values(455,44,61,0,'测试用数据:评论455','2023-10-20 00:00:00',0);
insert into _order(oid,state,bid,sid,did,tid,date,info,del) values(45,5,8,74,null,5740391745,'2023-10-20 00:00:00','测试用数据',0);
insert into listing(lid,uid,oid,pid,amount) values(451,70,45,341,8);
insert into listing(lid,uid,oid,pid,amount) values(452,70,45,132,6);
insert into listing(lid,uid,oid,pid,amount) values(453,70,45,197,2);
insert into listing(lid,uid,oid,pid,amount) values(454,70,45,37,10);
insert into listing(lid,uid,oid,pid,amount) values(455,70,45,222,4);
insert into listing(lid,uid,oid,pid,amount) values(456,70,45,335,7);
insert into listing(lid,uid,oid,pid,amount) values(457,70,45,96,1);
insert into listing(lid,uid,oid,pid,amount) values(458,70,45,400,6);
insert into listing(lid,uid,oid,pid,amount) values(459,70,45,426,8);
insert into listing(lid,uid,oid,pid,amount) values(460,70,45,67,4);
insert into listing(lid,uid,oid,pid,amount) values(461,70,45,126,5);
insert into review(rid,oid,uid,score,detail,date,del) values(456,45,74,4,'测试用数据:评论456','2023-10-20 00:00:00',0);
insert into review(rid,oid,uid,score,detail,date,del) values(457,45,74,0,'测试用数据:评论457','2023-10-20 00:00:00',0);
insert into review(rid,oid,uid,score,detail,date,del) values(458,45,74,5,'测试用数据:评论458','2023-10-20 00:00:00',0);
insert into review(rid,oid,uid,score,detail,date,del) values(459,45,74,5,'测试用数据:评论459','2023-10-20 00:00:00',0);
insert into review(rid,oid,uid,score,detail,date,del) values(460,45,74,5,'测试用数据:评论460','2023-10-20 00:00:00',0);
insert into review(rid,oid,uid,score,detail,date,del) values(461,45,74,2,'测试用数据:评论461','2023-10-20 00:00:00',0);
insert into review(rid,oid,uid,score,detail,date,del) values(462,45,74,1,'测试用数据:评论462','2023-10-20 00:00:00',0);
insert into review(rid,oid,uid,score,detail,date,del) values(463,45,74,1,'测试用数据:评论463','2023-10-20 00:00:00',0);
insert into review(rid,oid,uid,score,detail,date,del) values(464,45,74,4,'测试用数据:评论464','2023-10-20 00:00:00',0);
insert into review(rid,oid,uid,score,detail,date,del) values(465,45,74,1,'测试用数据:评论465','2023-10-20 00:00:00',0);
insert into review(rid,oid,uid,score,detail,date,del) values(466,45,74,3,'测试用数据:评论466','2023-10-20 00:00:00',0);
insert into review(rid,oid,uid,score,detail,date,del) values(467,45,74,5,'测试用数据:评论467','2023-10-20 00:00:00',0);
insert into review(rid,oid,uid,score,detail,date,del) values(468,45,74,1,'测试用数据:评论468','2023-10-20 00:00:00',0);
insert into _order(oid,state,bid,sid,did,tid,date,info,del) values(46,5,41,68,null,8758218715,'2023-10-20 00:00:00','测试用数据',0);
insert into listing(lid,uid,oid,pid,amount) values(462,70,46,225,8);
insert into listing(lid,uid,oid,pid,amount) values(463,70,46,305,8);
insert into listing(lid,uid,oid,pid,amount) values(464,70,46,349,8);
insert into listing(lid,uid,oid,pid,amount) values(465,70,46,133,3);
insert into listing(lid,uid,oid,pid,amount) values(466,70,46,459,5);
insert into listing(lid,uid,oid,pid,amount) values(467,70,46,427,1);
insert into listing(lid,uid,oid,pid,amount) values(468,70,46,407,8);
insert into listing(lid,uid,oid,pid,amount) values(469,70,46,365,4);
insert into listing(lid,uid,oid,pid,amount) values(470,70,46,179,10);
insert into listing(lid,uid,oid,pid,amount) values(471,70,46,90,4);
insert into listing(lid,uid,oid,pid,amount) values(472,70,46,331,7);
insert into listing(lid,uid,oid,pid,amount) values(473,70,46,183,5);
insert into listing(lid,uid,oid,pid,amount) values(474,70,46,224,8);
insert into listing(lid,uid,oid,pid,amount) values(475,70,46,495,8);
insert into review(rid,oid,uid,score,detail,date,del) values(469,46,68,4,'测试用数据:评论469','2023-10-20 00:00:00',0);
insert into review(rid,oid,uid,score,detail,date,del) values(470,46,68,5,'测试用数据:评论470','2023-10-20 00:00:00',0);
insert into review(rid,oid,uid,score,detail,date,del) values(471,46,68,2,'测试用数据:评论471','2023-10-20 00:00:00',0);
insert into review(rid,oid,uid,score,detail,date,del) values(472,46,68,1,'测试用数据:评论472','2023-10-20 00:00:00',0);
insert into review(rid,oid,uid,score,detail,date,del) values(473,46,68,0,'测试用数据:评论473','2023-10-20 00:00:00',0);
insert into review(rid,oid,uid,score,detail,date,del) values(474,46,68,0,'测试用数据:评论474','2023-10-20 00:00:00',0);
insert into review(rid,oid,uid,score,detail,date,del) values(475,46,68,2,'测试用数据:评论475','2023-10-20 00:00:00',0);
insert into review(rid,oid,uid,score,detail,date,del) values(476,46,68,5,'测试用数据:评论476','2023-10-20 00:00:00',0);
insert into review(rid,oid,uid,score,detail,date,del) values(477,46,68,0,'测试用数据:评论477','2023-10-20 00:00:00',0);
insert into review(rid,oid,uid,score,detail,date,del) values(478,46,68,2,'测试用数据:评论478','2023-10-20 00:00:00',0);
insert into review(rid,oid,uid,score,detail,date,del) values(479,46,68,1,'测试用数据:评论479','2023-10-20 00:00:00',0);
insert into review(rid,oid,uid,score,detail,date,del) values(480,46,68,5,'测试用数据:评论480','2023-10-20 00:00:00',0);
insert into review(rid,oid,uid,score,detail,date,del) values(481,46,68,5,'测试用数据:评论481','2023-10-20 00:00:00',0);
insert into review(rid,oid,uid,score,detail,date,del) values(482,46,68,4,'测试用数据:评论482','2023-10-20 00:00:00',0);
insert into review(rid,oid,uid,score,detail,date,del) values(483,46,68,0,'测试用数据:评论483','2023-10-20 00:00:00',0);
insert into _order(oid,state,bid,sid,did,tid,date,info,del) values(47,4,23,56,80,1424525803,'2023-10-20 00:00:00','测试用数据',0);
insert into listing(lid,uid,oid,pid,amount) values(476,70,47,190,1);
insert into listing(lid,uid,oid,pid,amount) values(477,70,47,249,8);
insert into listing(lid,uid,oid,pid,amount) values(478,70,47,264,5);
insert into listing(lid,uid,oid,pid,amount) values(479,70,47,489,5);
insert into listing(lid,uid,oid,pid,amount) values(480,70,47,238,7);
insert into listing(lid,uid,oid,pid,amount) values(481,70,47,12,7);
insert into listing(lid,uid,oid,pid,amount) values(482,70,47,233,10);
insert into listing(lid,uid,oid,pid,amount) values(483,70,47,127,8);
insert into listing(lid,uid,oid,pid,amount) values(484,70,47,428,8);
insert into listing(lid,uid,oid,pid,amount) values(485,70,47,192,6);
insert into listing(lid,uid,oid,pid,amount) values(486,70,47,467,5);
insert into listing(lid,uid,oid,pid,amount) values(487,70,47,371,10);
insert into listing(lid,uid,oid,pid,amount) values(488,70,47,364,10);
insert into listing(lid,uid,oid,pid,amount) values(489,70,47,5,2);
insert into listing(lid,uid,oid,pid,amount) values(490,70,47,239,10);
insert into listing(lid,uid,oid,pid,amount) values(491,70,47,171,8);
insert into listing(lid,uid,oid,pid,amount) values(492,70,47,83,9);
insert into listing(lid,uid,oid,pid,amount) values(493,70,47,113,7);
insert into review(rid,oid,uid,score,detail,date,del) values(484,47,56,2,'测试用数据:评论484','2023-10-20 00:00:00',0);
insert into review(rid,oid,uid,score,detail,date,del) values(485,47,56,5,'测试用数据:评论485','2023-10-20 00:00:00',0);
insert into review(rid,oid,uid,score,detail,date,del) values(486,47,56,2,'测试用数据:评论486','2023-10-20 00:00:00',0);
insert into review(rid,oid,uid,score,detail,date,del) values(487,47,56,2,'测试用数据:评论487','2023-10-20 00:00:00',0);
insert into review(rid,oid,uid,score,detail,date,del) values(488,47,56,4,'测试用数据:评论488','2023-10-20 00:00:00',0);
insert into review(rid,oid,uid,score,detail,date,del) values(489,47,56,5,'测试用数据:评论489','2023-10-20 00:00:00',0);
insert into review(rid,oid,uid,score,detail,date,del) values(490,47,56,0,'测试用数据:评论490','2023-10-20 00:00:00',0);
insert into review(rid,oid,uid,score,detail,date,del) values(491,47,56,4,'测试用数据:评论491','2023-10-20 00:00:00',0);
insert into review(rid,oid,uid,score,detail,date,del) values(492,47,56,1,'测试用数据:评论492','2023-10-20 00:00:00',0);
insert into review(rid,oid,uid,score,detail,date,del) values(493,47,56,1,'测试用数据:评论493','2023-10-20 00:00:00',0);
insert into _order(oid,state,bid,sid,did,tid,date,info,del) values(48,4,30,74,96,5928271876,'2023-10-20 00:00:00','测试用数据',0);
insert into listing(lid,uid,oid,pid,amount) values(494,70,48,197,2);
insert into listing(lid,uid,oid,pid,amount) values(495,70,48,96,2);
insert into listing(lid,uid,oid,pid,amount) values(496,70,48,203,7);
insert into listing(lid,uid,oid,pid,amount) values(497,70,48,345,6);
insert into listing(lid,uid,oid,pid,amount) values(498,70,48,102,1);
insert into listing(lid,uid,oid,pid,amount) values(499,70,48,2,1);
insert into listing(lid,uid,oid,pid,amount) values(500,70,48,132,10);
insert into listing(lid,uid,oid,pid,amount) values(501,70,48,77,1);
insert into listing(lid,uid,oid,pid,amount) values(502,70,48,222,10);
insert into listing(lid,uid,oid,pid,amount) values(503,70,48,287,10);
insert into listing(lid,uid,oid,pid,amount) values(504,70,48,325,10);
insert into listing(lid,uid,oid,pid,amount) values(505,70,48,67,7);
insert into listing(lid,uid,oid,pid,amount) values(506,70,48,341,9);
insert into listing(lid,uid,oid,pid,amount) values(507,70,48,176,2);
insert into listing(lid,uid,oid,pid,amount) values(508,70,48,426,3);
insert into listing(lid,uid,oid,pid,amount) values(509,70,48,403,2);
insert into listing(lid,uid,oid,pid,amount) values(510,70,48,335,7);
insert into review(rid,oid,uid,score,detail,date,del) values(494,48,74,1,'测试用数据:评论494','2023-10-20 00:00:00',0);
insert into review(rid,oid,uid,score,detail,date,del) values(495,48,74,2,'测试用数据:评论495','2023-10-20 00:00:00',0);
insert into review(rid,oid,uid,score,detail,date,del) values(496,48,74,0,'测试用数据:评论496','2023-10-20 00:00:00',0);
insert into review(rid,oid,uid,score,detail,date,del) values(497,48,74,0,'测试用数据:评论497','2023-10-20 00:00:00',0);
insert into review(rid,oid,uid,score,detail,date,del) values(498,48,74,3,'测试用数据:评论498','2023-10-20 00:00:00',0);
insert into review(rid,oid,uid,score,detail,date,del) values(499,48,74,4,'测试用数据:评论499','2023-10-20 00:00:00',0);
insert into review(rid,oid,uid,score,detail,date,del) values(500,48,74,4,'测试用数据:评论500','2023-10-20 00:00:00',0);
insert into review(rid,oid,uid,score,detail,date,del) values(501,48,74,0,'测试用数据:评论501','2023-10-20 00:00:00',0);
insert into review(rid,oid,uid,score,detail,date,del) values(502,48,74,0,'测试用数据:评论502','2023-10-20 00:00:00',0);
insert into review(rid,oid,uid,score,detail,date,del) values(503,48,74,1,'测试用数据:评论503','2023-10-20 00:00:00',0);
insert into review(rid,oid,uid,score,detail,date,del) values(504,48,74,5,'测试用数据:评论504','2023-10-20 00:00:00',0);
insert into review(rid,oid,uid,score,detail,date,del) values(505,48,74,4,'测试用数据:评论505','2023-10-20 00:00:00',0);
insert into review(rid,oid,uid,score,detail,date,del) values(506,48,74,5,'测试用数据:评论506','2023-10-20 00:00:00',0);
insert into review(rid,oid,uid,score,detail,date,del) values(507,48,74,3,'测试用数据:评论507','2023-10-20 00:00:00',0);
insert into _order(oid,state,bid,sid,did,tid,date,info,del) values(49,0,30,53,null,6757230298,'2023-10-20 00:00:00','测试用数据',0);
insert into listing(lid,uid,oid,pid,amount) values(511,70,49,463,5);
insert into listing(lid,uid,oid,pid,amount) values(512,70,49,188,10);
insert into listing(lid,uid,oid,pid,amount) values(513,70,49,41,7);
insert into listing(lid,uid,oid,pid,amount) values(514,70,49,257,6);
insert into listing(lid,uid,oid,pid,amount) values(515,70,49,240,9);
insert into listing(lid,uid,oid,pid,amount) values(516,70,49,49,4);
insert into listing(lid,uid,oid,pid,amount) values(517,70,49,213,8);
insert into listing(lid,uid,oid,pid,amount) values(518,70,49,106,4);
insert into listing(lid,uid,oid,pid,amount) values(519,70,49,196,10);
insert into listing(lid,uid,oid,pid,amount) values(520,70,49,297,6);
insert into listing(lid,uid,oid,pid,amount) values(521,70,49,154,4);
insert into listing(lid,uid,oid,pid,amount) values(522,70,49,498,4);
insert into listing(lid,uid,oid,pid,amount) values(523,70,49,374,2);
insert into listing(lid,uid,oid,pid,amount) values(524,70,49,490,7);
insert into review(rid,oid,uid,score,detail,date,del) values(508,49,53,0,'测试用数据:评论508','2023-10-20 00:00:00',0);
insert into review(rid,oid,uid,score,detail,date,del) values(509,49,53,5,'测试用数据:评论509','2023-10-20 00:00:00',0);
insert into review(rid,oid,uid,score,detail,date,del) values(510,49,53,3,'测试用数据:评论510','2023-10-20 00:00:00',0);
insert into review(rid,oid,uid,score,detail,date,del) values(511,49,53,2,'测试用数据:评论511','2023-10-20 00:00:00',0);
insert into review(rid,oid,uid,score,detail,date,del) values(512,49,53,1,'测试用数据:评论512','2023-10-20 00:00:00',0);
insert into review(rid,oid,uid,score,detail,date,del) values(513,49,53,2,'测试用数据:评论513','2023-10-20 00:00:00',0);
insert into review(rid,oid,uid,score,detail,date,del) values(514,49,53,1,'测试用数据:评论514','2023-10-20 00:00:00',0);
insert into review(rid,oid,uid,score,detail,date,del) values(515,49,53,3,'测试用数据:评论515','2023-10-20 00:00:00',0);
insert into review(rid,oid,uid,score,detail,date,del) values(516,49,53,0,'测试用数据:评论516','2023-10-20 00:00:00',0);
